nVectors,memcpyOut,plan,execu,memcpyIn
1,0.092,0.220,0.141,0.077,
1,0.140,0.384,0.198,0.092,
1,0.139,0.400,0.141,0.092,
1,0.125,0.416,0.210,0.074,
1,0.121,0.406,0.199,0.097,
1,0.123,0.422,0.197,0.113,
1,0.115,0.413,0.193,0.095,
1,0.122,0.386,0.199,0.091,
1,0.122,0.321,0.101,0.077,
1,0.080,0.403,0.102,0.075,
1,0.079,0.423,0.101,0.075,
1,0.079,0.402,0.101,0.075,
1,0.079,0.402,0.137,0.096,
1,0.079,0.382,0.136,0.095,
1,0.087,0.421,0.135,0.095,
1,0.079,0.385,0.139,0.092,
1,0.138,0.385,0.128,0.142,
1,0.176,0.470,0.220,0.139,
1,0.173,0.479,0.220,0.139,
1,0.172,0.483,0.216,0.141,
1,0.172,0.472,0.227,0.141,
1,0.172,0.466,0.214,0.139,
1,0.171,0.469,0.218,0.181,
1,0.181,0.483,0.217,0.172,
1,0.176,0.494,0.215,0.229,
1,0.172,0.456,0.193,0.166,
1,0.180,0.454,0.194,0.163,
1,0.174,0.454,0.204,0.163,
1,0.171,0.455,0.198,0.162,
1,0.171,0.467,0.192,0.162,
1,0.171,0.467,0.191,0.161,
1,0.170,0.459,0.201,0.163,
1,0.170,0.456,0.203,0.162,
1,0.171,0.461,0.195,0.162,
1,0.172,0.456,0.192,0.162,
1,0.171,0.466,0.194,0.163,
1,0.195,0.568,0.195,0.164,
1,0.173,0.469,0.192,0.172,
1,0.173,0.457,0.192,0.174,
1,0.173,0.458,0.203,0.165,
1,0.182,0.455,0.203,0.166,
1,0.172,0.454,0.197,0.162,
1,0.170,0.460,0.194,0.162,
1,0.173,0.481,0.193,0.162,
1,0.173,0.467,0.194,0.162,
1,0.174,0.457,0.217,0.163,
1,0.171,0.459,0.190,0.162,
1,0.171,0.456,0.201,0.162,
1,0.172,0.463,0.191,0.163,
1,0.186,0.472,0.193,0.162,
1,0.185,0.470,0.191,0.162,
1,0.172,0.466,0.193,0.168,
1,0.173,0.476,0.191,0.189,
1,0.172,0.454,0.194,0.165,
1,0.178,0.455,0.193,0.163,
1,0.174,0.453,0.205,0.162,
1,0.171,0.452,0.195,0.163,
1,0.171,0.466,0.206,0.167,
1,0.172,0.467,0.190,0.162,
1,0.173,0.456,0.193,0.160,
1,0.172,0.457,0.203,0.160,
1,0.171,0.455,0.194,0.162,
1,0.179,0.458,0.193,0.161,
1,0.171,0.466,0.202,0.161,
1,0.194,0.469,0.191,0.164,
1,0.183,0.470,0.195,0.162,
1,0.174,0.465,0.190,0.154,
1,0.173,0.464,0.194,0.174,
1,0.177,0.455,0.191,0.171,
1,0.173,0.453,0.201,0.162,
1,0.174,0.452,0.218,0.162,
1,0.170,0.452,0.195,0.162,
1,0.171,0.443,0.194,0.163,
1,0.169,0.463,0.193,0.166,
1,0.172,0.467,0.191,0.163,
1,0.172,0.458,0.196,0.162,
1,0.171,0.469,0.192,0.162,
1,0.172,0.459,0.190,0.162,
1,0.171,0.457,0.192,0.162,
1,0.171,0.469,0.203,0.163,
1,0.197,0.484,0.190,0.160,
1,0.184,0.467,0.193,0.178,
1,0.172,0.465,0.191,0.175,
1,0.173,0.459,0.194,0.173,
1,0.173,0.456,0.192,0.164,
1,0.173,0.454,0.201,0.165,
1,0.176,0.456,0.196,0.163,
1,0.171,0.446,0.196,0.167,
1,0.171,0.470,0.194,0.165,
1,0.170,0.480,0.193,0.162,
1,0.171,0.458,0.214,0.161,
1,0.172,0.459,0.193,0.162,
1,0.173,0.456,0.193,0.163,
1,0.173,0.459,0.194,0.163,
1,0.188,0.469,0.191,0.163,
1,0.182,0.469,0.200,0.164,
1,0.175,0.465,0.191,0.161,
1,0.177,0.463,0.191,0.172,
1,0.173,0.452,0.190,0.185,
2,0.142,0.350,0.155,0.151,
2,0.131,0.365,0.148,0.157,
2,0.130,0.322,0.157,0.152,
2,0.138,0.332,0.137,0.179,
2,0.160,0.303,0.137,0.148,
2,0.144,0.244,0.141,0.094,
2,0.080,0.239,0.139,0.093,
2,0.085,0.237,0.140,0.094,
2,0.080,0.239,0.139,0.102,
2,0.080,0.239,0.141,0.093,
2,0.080,0.239,0.141,0.093,
2,0.079,0.238,0.144,0.094,
2,0.080,0.245,0.137,0.093,
2,0.079,0.242,0.137,0.098,
2,0.081,0.239,0.140,0.092,
2,0.079,0.239,0.139,0.093,
2,0.080,0.237,0.140,0.101,
2,0.081,0.243,0.142,0.093,
2,0.078,0.239,0.139,0.096,
2,0.080,0.238,0.138,0.093,
2,0.079,0.238,0.137,0.076,
2,0.131,0.417,0.191,0.119,
2,0.129,0.423,0.167,0.119,
2,0.128,0.422,0.161,0.124,
2,0.129,0.434,0.160,0.117,
2,0.138,0.436,0.162,0.121,
2,0.127,0.436,0.160,0.117,
2,0.126,0.425,0.165,0.119,
2,0.127,0.426,0.160,0.116,
2,0.127,0.432,0.163,0.124,
2,0.127,0.422,0.168,0.125,
2,0.128,0.424,0.163,0.118,
2,0.128,0.422,0.159,0.135,
2,0.211,0.597,0.217,0.162,
2,0.170,0.605,0.202,0.163,
2,0.173,0.595,0.208,0.164,
2,0.171,0.610,0.200,0.162,
2,0.185,0.606,0.208,0.173,
2,0.171,0.592,0.201,0.162,
2,0.171,0.594,0.208,0.164,
2,0.172,0.594,0.199,0.161,
2,0.173,0.625,0.201,0.163,
2,0.173,0.602,0.201,0.164,
2,0.173,0.599,0.215,0.163,
2,0.172,0.604,0.202,0.161,
2,0.172,0.606,0.201,0.164,
2,0.183,0.721,0.211,0.164,
2,0.178,0.600,0.211,0.162,
2,0.171,0.618,0.203,0.163,
2,0.169,0.613,0.201,0.165,
2,0.173,0.605,0.203,0.186,
2,0.177,0.590,0.215,0.164,
2,0.169,0.593,0.210,0.161,
2,0.170,0.595,0.201,0.160,
2,0.180,0.607,0.200,0.172,
2,0.171,0.601,0.199,0.163,
2,0.173,0.611,0.201,0.160,
2,0.173,0.612,0.207,0.164,
2,0.171,0.608,0.200,0.159,
2,0.183,0.604,0.213,0.175,
2,0.171,0.589,0.207,0.163,
2,0.169,0.605,0.207,0.164,
2,0.172,0.593,0.201,0.161,
2,0.169,0.609,0.207,0.163,
2,0.171,0.602,0.200,0.170,
2,0.181,0.608,0.201,0.164,
2,0.171,0.592,0.211,0.160,
2,0.170,0.595,0.207,0.164,
2,0.181,0.607,0.200,0.170,
2,0.181,0.589,0.210,0.170,
2,0.172,0.600,0.268,0.163,
2,0.173,0.592,0.209,0.163,
2,0.170,0.608,0.200,0.162,
2,0.174,0.616,0.219,0.158,
2,0.177,0.593,0.202,0.162,
2,0.170,0.591,0.223,0.162,
2,0.171,0.599,0.202,0.159,
2,0.165,0.603,0.207,0.161,
2,0.173,0.599,0.197,0.162,
2,0.170,0.598,0.208,0.162,
2,0.171,0.598,0.199,0.161,
2,0.169,0.618,0.209,0.162,
2,0.199,0.603,0.200,0.173,
2,0.171,0.588,0.219,0.163,
2,0.270,0.596,0.210,0.161,
2,0.168,0.602,0.209,0.161,
2,0.185,0.603,0.201,0.175,
2,0.171,0.587,0.220,0.164,
2,0.171,0.599,0.201,0.161,
2,0.169,0.588,0.199,0.167,
2,0.169,0.617,0.200,0.161,
2,0.198,0.602,0.213,0.172,
2,0.168,0.587,0.204,0.164,
2,0.171,0.598,0.206,0.161,
2,0.169,0.591,0.200,0.164,
2,0.169,0.603,0.208,0.162,
2,0.172,0.599,0.200,0.162,
2,0.172,0.588,0.210,0.161,
2,0.171,0.589,0.199,0.162,
4,0.134,0.627,0.185,0.098,
4,0.130,0.584,0.135,0.093,
4,0.129,0.594,0.186,0.097,
4,0.128,0.574,0.137,0.094,
4,0.129,0.600,0.180,0.097,
4,0.130,0.572,0.192,0.092,
4,0.112,0.569,0.199,0.075,
4,0.112,0.558,0.194,0.121,
4,0.111,0.557,0.212,0.075,
4,0.139,1.072,0.245,0.165,
4,0.172,1.091,0.224,0.184,
4,0.176,1.073,0.223,0.165,
4,0.172,1.100,0.223,0.164,
4,0.170,1.087,0.224,0.165,
4,0.175,1.086,0.223,0.162,
4,0.183,1.111,0.223,0.164,
4,0.171,1.088,0.235,0.166,
4,0.173,1.085,0.222,0.175,
4,0.172,1.083,0.222,0.164,
4,0.186,1.083,0.226,0.164,
4,0.172,1.083,0.246,0.165,
4,0.172,1.102,0.222,0.176,
4,0.172,1.070,0.221,0.162,
4,0.171,1.101,0.227,0.164,
4,0.170,1.087,0.223,0.163,
4,0.174,1.085,0.220,0.163,
4,0.173,1.080,0.223,0.164,
4,0.170,1.083,0.226,0.165,
4,0.171,1.083,0.221,0.192,
4,0.172,1.072,0.220,0.165,
4,0.182,1.096,0.221,0.165,
4,0.173,1.085,0.235,0.163,
4,0.177,1.101,0.222,0.184,
4,0.185,1.071,0.221,0.164,
4,0.169,1.093,0.226,0.163,
4,0.171,1.084,0.220,0.160,
4,0.178,1.083,0.220,0.162,
4,0.185,1.085,0.231,0.163,
4,0.170,1.103,0.224,0.162,
4,0.171,1.086,0.228,0.191,
4,0.172,1.072,0.220,0.164,
4,0.166,1.098,0.222,0.164,
4,0.173,1.085,0.214,0.167,
4,0.174,1.084,0.223,0.163,
4,0.174,1.099,0.220,0.164,
4,0.171,1.083,0.223,0.162,
4,0.170,1.083,0.223,0.191,
4,0.173,1.074,0.223,0.164,
4,0.180,1.092,0.222,0.164,
4,0.173,1.082,0.242,0.166,
4,0.173,1.101,0.222,0.171,
4,0.182,1.070,0.223,0.163,
4,0.171,1.092,0.223,0.163,
4,0.172,1.092,0.221,0.158,
4,0.187,1.113,0.221,0.162,
4,0.184,1.084,0.334,0.176,
4,0.196,1.099,0.223,0.163,
4,0.172,1.085,0.214,0.164,
4,0.175,1.082,0.221,0.165,
4,0.173,1.079,0.220,0.163,
4,0.171,1.084,0.229,0.170,
4,0.173,1.104,0.222,0.189,
4,0.172,1.084,0.221,0.163,
4,0.184,1.083,0.224,0.163,
4,0.173,1.082,0.233,0.165,
4,0.170,1.082,0.220,0.174,
4,0.186,1.075,0.223,0.165,
4,0.171,1.127,0.223,0.164,
4,0.171,1.085,0.211,0.163,
4,0.278,1.090,0.222,0.175,
4,0.172,1.070,0.221,0.162,
4,0.171,1.099,0.229,0.162,
4,0.171,1.087,0.223,0.163,
4,0.196,1.079,0.220,0.162,
4,0.196,1.083,0.224,0.167,
4,0.171,1.096,0.226,0.169,
4,0.172,1.084,0.221,0.167,
4,0.172,1.073,0.220,0.163,
4,0.182,1.108,0.220,0.163,
4,0.175,1.102,0.232,0.164,
4,0.178,1.082,0.219,0.169,
4,0.172,1.077,0.219,0.163,
4,0.170,1.078,0.232,0.164,
4,0.171,1.085,0.221,0.172,
4,0.172,1.096,0.220,0.163,
4,0.201,1.086,0.229,0.163,
4,0.170,1.084,0.234,0.166,
4,0.171,1.085,0.226,0.175,
4,0.174,1.070,0.221,0.164,
4,0.170,1.095,0.221,0.162,
4,0.172,1.103,0.226,0.164,
4,0.174,1.083,0.222,0.165,
4,0.176,1.088,0.223,0.166,
4,0.171,1.082,0.223,0.162,
4,0.171,1.084,0.222,0.174,
4,0.171,1.066,0.218,0.161,
4,0.431,1.070,0.222,0.162,
4,0.170,1.095,0.222,0.165,
4,0.172,1.082,0.223,0.159,
8,0.140,1.269,0.226,0.114,
8,0.142,1.335,0.222,0.109,
8,0.149,0.894,0.223,0.109,
8,0.135,1.185,0.223,0.113,
8,0.138,1.057,0.194,0.175,
8,0.152,0.879,0.190,0.171,
8,0.169,0.886,0.197,0.182,
8,0.153,0.863,0.191,0.174,
8,0.167,0.870,0.193,0.174,
8,0.155,0.872,0.192,0.172,
8,0.183,0.876,0.221,0.174,
8,0.155,0.938,0.218,0.181,
8,0.199,1.194,0.214,0.191,
8,0.197,1.189,0.227,0.181,
8,0.190,1.199,0.219,0.195,
8,0.177,1.190,0.230,0.181,
8,0.175,1.336,0.256,0.193,
8,0.204,1.520,0.235,0.192,
8,0.201,1.502,0.233,0.187,
8,0.198,1.505,0.242,0.215,
8,0.189,1.496,0.260,0.188,
8,0.201,1.585,0.224,0.164,
8,0.175,1.678,0.228,0.164,
8,0.186,1.594,0.224,0.178,
8,0.174,1.589,0.224,0.165,
8,0.174,1.597,0.225,0.166,
8,0.172,1.582,0.227,0.166,
8,0.197,1.581,0.221,0.179,
8,0.173,1.573,0.236,0.165,
8,0.172,1.618,0.224,0.166,
8,0.175,1.598,0.228,0.166,
8,0.173,1.591,0.225,0.184,
8,0.175,1.585,0.216,0.166,
8,0.175,1.596,0.223,0.166,
8,0.171,1.606,0.225,0.164,
8,0.174,1.596,0.230,0.165,
8,0.175,1.591,0.233,0.167,
8,0.184,1.584,0.235,0.166,
8,0.173,1.609,0.226,0.167,
8,0.173,1.598,0.226,0.167,
8,0.199,1.593,0.222,0.165,
8,0.175,1.573,0.225,0.166,
8,0.172,1.591,0.230,0.166,
8,0.173,1.612,0.225,0.166,
8,0.203,1.591,0.220,0.172,
8,0.175,1.576,0.234,0.169,
8,0.173,1.604,0.227,0.164,
8,0.173,1.594,0.223,0.166,
8,0.194,1.610,0.222,0.178,
8,0.174,1.592,0.234,0.167,
8,0.175,1.590,0.226,0.166,
8,0.173,1.587,0.230,0.167,
8,0.203,1.612,0.223,0.177,
8,0.172,1.590,0.236,0.166,
8,0.172,1.591,0.223,0.165,
8,0.172,1.579,0.230,0.166,
8,0.174,1.599,0.219,0.166,
8,0.176,1.585,0.240,0.168,
8,0.175,1.587,0.222,0.165,
8,0.173,1.581,0.221,0.170,
8,0.171,1.598,0.218,0.165,
8,0.201,1.612,0.217,0.167,
8,0.173,1.592,0.227,0.167,
8,0.173,1.575,0.223,0.167,
8,0.173,1.591,0.217,0.165,
8,0.183,1.611,0.219,0.192,
8,0.175,1.586,0.234,0.167,
8,0.172,1.599,0.228,0.167,
8,0.172,1.595,0.223,0.164,
8,0.178,1.600,0.216,0.184,
8,0.199,1.576,0.230,0.164,
8,0.171,1.597,0.222,0.165,
8,0.171,1.588,0.216,0.166,
8,0.171,1.595,0.215,0.165,
8,0.185,1.597,0.221,0.173,
8,0.179,1.604,0.231,0.167,
8,0.173,1.589,0.219,0.165,
8,0.171,1.590,0.217,0.165,
8,0.184,1.596,0.221,0.185,
8,0.173,1.603,0.224,0.165,
8,0.171,1.586,0.219,0.168,
8,0.176,1.593,0.218,0.165,
8,0.181,1.594,0.219,0.174,
8,0.184,1.592,0.253,0.165,
8,0.172,1.602,0.218,0.165,
8,0.171,1.578,0.218,0.163,
8,0.173,1.595,0.219,0.167,
8,0.176,1.581,0.217,0.165,
8,0.182,1.575,0.225,0.168,
8,0.172,1.571,0.219,0.164,
8,0.172,1.585,0.219,0.165,
8,0.182,1.582,0.220,0.175,
8,0.183,1.595,0.242,0.166,
8,0.172,1.600,0.217,0.165,
8,0.173,1.588,0.218,0.164,
8,0.170,1.592,0.220,0.165,
8,0.175,1.580,0.217,0.166,
8,0.172,1.634,0.221,0.165,
8,0.173,1.574,0.228,0.165,
16,0.134,1.436,0.222,0.113,
16,0.133,1.424,0.223,0.112,
16,0.134,0.936,0.232,0.094,
16,0.130,1.203,0.167,0.113,
16,0.095,0.832,0.162,0.107,
16,0.095,0.839,0.163,0.113,
16,0.094,0.844,0.163,0.113,
16,0.096,0.832,0.162,0.112,
16,0.095,0.831,0.159,0.174,
16,0.157,0.917,0.202,0.172,
16,0.161,0.923,0.194,0.185,
16,0.152,0.902,0.190,0.173,
16,0.152,0.922,0.199,0.168,
16,0.154,0.910,0.190,0.173,
16,0.148,1.132,0.216,0.165,
16,0.175,1.232,0.239,0.180,
16,0.174,1.233,0.225,0.179,
16,0.177,1.228,0.216,0.190,
16,0.178,1.230,0.216,0.203,
16,0.190,1.296,0.236,0.204,
16,0.185,1.551,0.246,0.203,
16,0.201,1.569,0.231,0.206,
16,0.187,1.560,0.234,0.201,
16,0.214,1.609,0.227,0.188,
16,0.179,1.651,0.226,0.164,
16,0.173,1.645,0.222,0.167,
16,0.174,1.651,0.226,0.176,
16,0.174,1.641,0.250,0.167,
16,0.176,1.674,0.223,0.166,
16,0.173,1.653,0.221,0.166,
16,0.175,1.657,0.216,0.165,
16,0.173,1.655,0.232,0.166,
16,0.173,1.668,0.222,0.165,
16,0.195,1.647,0.223,0.177,
16,0.174,1.654,0.226,0.161,
16,0.174,1.643,0.226,0.166,
16,0.172,1.667,0.221,0.178,
16,0.187,1.642,0.234,0.166,
16,0.173,1.656,0.236,0.165,
16,0.177,1.651,0.225,0.163,
16,0.183,1.646,0.236,0.169,
16,0.175,1.657,0.227,0.166,
16,0.171,1.646,0.226,0.167,
16,0.179,1.659,0.224,0.176,
16,0.173,1.639,0.227,0.170,
16,0.172,1.661,0.221,0.165,
16,0.171,1.656,0.226,0.193,
16,0.187,1.644,0.247,0.165,
16,0.174,1.640,0.233,0.161,
16,0.169,1.682,0.226,0.164,
16,0.174,1.645,0.223,0.171,
16,0.175,1.666,0.227,0.164,
16,0.170,1.651,0.225,0.167,
16,0.186,1.650,0.224,0.187,
16,0.173,1.666,0.228,0.165,
16,0.172,1.649,0.226,0.164,
16,0.173,1.653,0.224,0.175,
16,0.177,1.645,0.235,0.166,
16,0.172,1.661,0.236,0.166,
16,0.173,1.650,0.326,0.190,
16,0.174,1.644,0.233,0.164,
16,0.170,1.661,0.232,0.167,
16,0.175,1.668,0.226,0.166,
16,0.175,1.649,0.223,0.160,
16,0.175,1.665,0.221,0.165,
16,0.175,1.646,0.221,0.165,
16,0.186,1.653,0.225,0.190,
16,0.174,1.670,0.226,0.166,
16,0.173,1.644,0.222,0.165,
16,0.172,1.650,0.222,0.166,
16,0.173,1.658,0.236,0.166,
16,0.174,1.663,0.235,0.165,
16,0.173,1.652,0.222,0.165,
16,0.197,1.654,0.229,0.166,
16,0.174,1.654,0.226,0.163,
16,0.171,1.645,0.226,0.163,
16,0.196,1.662,0.223,0.178,
16,0.174,1.651,0.234,0.166,
16,0.172,1.642,0.227,0.165,
16,0.171,1.653,0.234,0.174,
16,0.174,1.643,0.246,0.165,
16,0.174,1.643,0.231,0.166,
16,0.172,1.651,0.227,0.165,
16,0.186,1.655,0.238,0.167,
16,0.175,1.686,0.223,0.166,
16,0.174,1.649,0.222,0.163,
16,0.184,1.647,0.228,0.176,
16,0.172,1.637,0.239,0.166,
16,0.171,1.637,0.222,0.165,
16,0.172,1.669,0.225,0.196,
16,0.187,1.638,0.238,0.165,
16,0.174,1.656,0.237,0.164,
16,0.172,1.658,0.225,0.165,
16,0.181,1.677,0.211,0.164,
16,0.175,1.651,0.226,0.166,
16,0.172,1.648,0.233,0.165,
16,0.182,1.645,0.225,0.176,
16,0.174,1.696,0.225,0.164,
16,0.173,1.644,0.225,0.166,
32,0.139,1.756,0.226,0.113,
32,0.134,1.593,0.149,0.096,
32,0.134,1.575,0.167,0.111,
32,0.130,1.773,0.203,0.189,
32,0.169,1.433,0.198,0.175,
32,0.171,1.432,0.195,0.173,
32,0.163,1.427,0.206,0.172,
32,0.154,1.434,0.208,0.208,
32,0.153,1.897,0.221,0.189,
32,0.177,1.855,0.222,0.205,
32,0.176,1.865,0.220,0.194,
32,0.191,1.867,0.328,0.229,
32,0.183,2.196,0.231,0.203,
32,0.187,2.201,0.232,0.196,
32,0.198,2.199,0.229,0.186,
32,0.197,2.291,0.238,0.193,
32,0.202,2.351,0.237,0.219,
32,0.184,2.349,0.237,0.214,
32,0.202,2.414,0.251,0.216,
32,0.187,2.525,0.243,0.194,
32,0.187,2.509,0.245,0.204,
32,0.200,2.510,0.234,0.166,
32,0.177,2.651,0.229,0.166,
32,0.174,2.690,0.233,0.166,
32,0.173,2.701,0.234,0.167,
32,0.197,2.686,0.244,0.169,
32,0.175,2.675,0.243,0.169,
32,0.175,2.696,0.240,0.168,
32,0.174,2.682,0.259,0.168,
32,0.175,2.678,0.232,0.173,
32,0.173,2.703,0.234,0.180,
32,0.188,2.676,0.235,0.167,
32,0.171,2.682,0.233,0.167,
32,0.173,2.706,0.233,0.192,
32,0.174,2.684,0.237,0.172,
32,0.173,2.679,0.233,0.166,
32,0.174,2.703,0.233,0.193,
32,0.175,2.664,0.242,0.167,
32,0.172,2.682,0.234,0.168,
32,0.173,2.699,0.233,0.188,
32,0.174,2.690,0.235,0.166,
32,0.178,2.685,0.230,0.160,
32,0.169,2.770,0.235,0.166,
32,0.176,2.707,0.242,0.169,
32,0.171,2.683,0.233,0.168,
32,0.188,2.701,0.224,0.179,
32,0.175,2.678,0.236,0.168,
32,0.173,2.675,0.233,0.166,
32,0.187,2.705,0.258,0.168,
32,0.174,2.756,0.234,0.167,
32,0.174,2.672,0.236,0.182,
32,0.180,2.673,0.238,0.166,
32,0.174,2.677,0.241,0.168,
32,0.174,2.683,0.233,0.191,
32,0.176,2.704,0.242,0.167,
32,0.175,2.675,0.237,0.165,
32,0.173,2.687,0.233,0.191,
32,0.173,2.717,0.233,0.166,
32,0.173,2.679,0.236,0.167,
32,0.185,2.676,0.239,0.178,
32,0.173,2.721,0.233,0.166,
32,0.174,2.690,0.233,0.165,
32,0.188,2.681,0.243,0.166,
32,0.175,2.840,0.237,0.169,
32,0.174,2.682,0.232,0.176,
32,0.186,2.673,0.234,0.166,
32,0.172,2.693,0.232,0.168,
32,0.174,2.674,0.233,0.174,
32,0.186,2.670,0.237,0.166,
32,0.172,2.700,0.233,0.165,
32,0.175,2.682,0.234,0.189,
32,0.175,2.684,0.234,0.163,
32,0.173,2.668,0.232,0.167,
32,0.171,2.648,0.233,0.166,
32,0.176,2.684,0.246,0.167,
32,0.172,2.702,0.240,0.166,
32,0.172,2.689,0.232,0.189,
32,0.176,2.634,0.242,0.167,
32,0.173,2.659,0.243,0.168,
32,0.174,2.679,0.232,0.166,
32,0.176,2.677,0.260,0.167,
32,0.173,2.673,0.240,0.169,
32,0.172,2.682,0.233,0.166,
32,0.176,2.673,0.258,0.167,
32,0.172,2.664,0.240,0.167,
32,0.172,2.651,0.231,0.164,
32,0.174,2.648,0.244,0.169,
32,0.173,2.712,0.237,0.166,
32,0.171,2.651,0.233,0.167,
32,0.184,2.678,0.233,0.171,
32,0.175,2.701,0.234,0.169,
32,0.172,2.688,0.241,0.163,
32,0.174,2.686,0.220,0.175,
32,0.174,2.701,0.235,0.171,
32,0.173,2.682,0.235,0.166,
32,0.173,2.681,0.228,0.175,
32,0.174,2.697,0.233,0.175,
32,0.174,2.686,0.232,0.168,
32,0.174,2.684,0.260,0.168,
64,0.137,1.634,0.157,0.095,
64,0.097,1.343,0.176,0.113,
64,0.097,1.350,0.170,0.096,
64,0.095,1.362,0.172,0.097,
64,0.097,1.337,0.175,0.100,
64,0.097,1.343,0.208,0.147,
64,0.111,1.604,0.214,0.184,
64,0.163,1.592,0.218,0.197,
64,0.162,1.595,0.213,0.181,
64,0.171,1.595,0.212,0.182,
64,0.181,1.772,0.237,0.182,
64,0.174,1.941,0.229,0.208,
64,0.194,1.937,0.232,0.198,
64,0.190,1.954,0.227,0.184,
64,0.178,2.265,0.243,0.205,
64,0.184,2.334,0.242,0.203,
64,0.185,2.333,0.241,0.202,
64,0.198,2.419,0.249,0.210,
64,0.187,2.495,0.247,0.190,
64,0.207,2.521,0.245,0.208,
64,0.214,2.569,0.241,0.168,
64,0.174,2.649,0.236,0.169,
64,0.174,2.653,0.239,0.182,
64,0.175,2.664,0.247,0.171,
64,0.173,2.650,0.238,0.168,
64,0.172,2.684,0.237,0.191,
64,0.176,2.669,0.243,0.167,
64,0.174,2.679,0.239,0.169,
64,0.174,2.658,0.238,0.191,
64,0.177,2.669,0.239,0.167,
64,0.174,2.658,0.238,0.167,
64,0.176,2.659,0.237,0.197,
64,0.190,2.662,0.258,0.172,
64,0.176,2.728,0.238,0.168,
64,0.175,2.688,0.239,0.174,
64,0.175,2.718,0.240,0.171,
64,0.177,2.655,0.236,0.167,
64,0.183,2.657,0.236,0.183,
64,0.175,2.700,0.239,0.169,
64,0.172,2.652,0.246,0.167,
64,0.185,2.660,0.236,0.180,
64,0.174,2.686,0.238,0.169,
64,0.174,2.668,0.239,0.170,
64,0.168,2.689,0.238,0.179,
64,0.176,2.726,0.238,0.170,
64,0.175,2.684,0.237,0.169,
64,0.185,2.658,0.248,0.171,
64,0.176,2.718,0.238,0.169,
64,0.175,2.656,0.237,0.167,
64,0.188,2.660,0.238,0.168,
64,0.177,2.691,0.239,0.170,
64,0.174,2.653,0.238,0.167,
64,0.186,2.673,0.238,0.169,
64,0.175,2.718,0.240,0.169,
64,0.175,2.663,0.239,0.163,
64,0.184,2.655,0.245,0.169,
64,0.175,2.692,0.237,0.167,
64,0.174,2.666,0.238,0.170,
64,0.186,2.646,0.239,0.168,
64,0.177,2.702,0.238,0.167,
64,0.174,2.652,0.235,0.167,
64,0.186,2.692,0.237,0.180,
64,0.180,2.691,0.241,0.167,
64,0.173,2.684,0.238,0.167,
64,0.174,2.678,0.250,0.168,
64,0.175,2.669,0.239,0.168,
64,0.175,2.656,0.237,0.168,
64,0.198,2.654,0.236,0.177,
64,0.174,2.686,0.237,0.168,
64,0.172,2.655,0.235,0.169,
64,0.188,2.684,0.237,0.167,
64,0.176,2.696,0.247,0.168,
64,0.173,2.683,0.237,0.168,
64,0.178,2.654,0.227,0.178,
64,0.176,2.692,0.241,0.169,
64,0.175,2.659,0.238,0.165,
64,0.184,2.649,0.240,0.169,
64,0.174,2.700,0.238,0.168,
64,0.172,2.656,0.235,0.172,
64,0.186,2.680,0.240,0.178,
64,0.175,2.700,0.239,0.169,
64,0.174,2.655,0.237,0.166,
64,0.187,2.648,0.237,0.169,
64,0.176,2.688,0.241,0.170,
64,0.173,2.676,0.238,0.167,
64,0.187,2.654,0.236,0.166,
64,0.173,2.703,0.241,0.170,
64,0.176,2.655,0.246,0.167,
64,0.187,2.656,0.235,0.169,
64,0.176,2.689,0.238,0.167,
64,0.174,2.682,0.235,0.169,
64,0.187,2.677,0.236,0.177,
64,0.175,2.688,0.241,0.167,
64,0.174,2.742,0.236,0.167,
64,0.177,2.677,0.248,0.168,
64,0.173,2.708,0.237,0.169,
64,0.174,2.656,0.236,0.182,
64,0.175,2.667,0.262,0.170,
64,0.177,2.683,0.239,0.167,
128,0.137,2.537,0.224,0.118,
128,0.149,2.466,0.168,0.131,
128,0.120,2.326,0.209,0.142,
128,0.122,2.324,0.226,0.113,
128,0.125,2.510,0.227,0.180,
128,0.162,2.561,0.225,0.178,
128,0.164,2.578,0.227,0.180,
128,0.176,2.716,0.231,0.204,
128,0.168,2.804,0.232,0.201,
128,0.173,2.831,0.241,0.215,
128,0.168,3.048,0.242,0.219,
128,0.174,3.081,0.237,0.195,
128,0.195,3.122,0.238,0.209,
128,0.189,3.314,0.248,0.185,
128,0.180,3.277,0.242,0.183,
128,0.195,3.423,0.250,0.187,
128,0.181,3.503,0.248,0.202,
128,0.185,3.485,0.250,0.220,
128,0.183,3.458,0.259,0.198,
128,0.180,3.438,0.257,0.184,
128,0.196,3.925,0.257,0.227,
128,0.203,3.937,0.254,0.193,
128,0.213,3.979,0.259,0.192,
128,0.202,3.978,0.260,0.218,
128,0.202,3.962,0.259,0.194,
128,0.188,3.961,0.258,0.195,
128,0.187,3.962,0.282,0.194,
128,0.185,3.971,0.258,0.220,
128,0.185,3.958,0.257,0.209,
128,0.206,3.949,0.256,0.194,
128,0.199,3.990,0.267,0.203,
128,0.187,3.934,0.257,0.195,
128,0.199,3.983,0.259,0.208,
128,0.191,4.246,0.261,0.209,
128,0.203,4.291,0.262,0.206,
128,0.200,4.274,0.271,0.196,
128,0.204,4.256,0.265,0.187,
128,0.202,4.360,0.265,0.206,
128,0.185,4.253,0.264,0.205,
128,0.228,4.300,0.275,0.203,
128,0.215,4.240,0.262,0.189,
128,0.215,4.605,0.262,0.168,
128,0.178,4.576,0.257,0.170,
128,0.176,4.546,0.250,0.168,
128,0.175,4.562,0.253,0.169,
128,0.199,4.573,0.261,0.170,
128,0.175,4.699,0.253,0.168,
128,0.180,4.541,0.252,0.168,
128,0.169,4.603,0.250,0.196,
128,0.176,4.549,0.264,0.171,
128,0.175,4.582,0.255,0.170,
128,0.175,4.545,0.259,0.171,
128,0.186,4.603,0.252,0.197,
128,0.177,4.536,0.263,0.169,
128,0.174,4.580,0.255,0.169,
128,0.174,4.572,0.253,0.168,
128,0.187,4.348,0.252,0.169,
128,0.203,4.538,0.252,0.193,
128,0.176,4.564,0.264,0.170,
128,0.175,4.568,0.251,0.171,
128,0.175,4.583,0.252,0.160,
128,0.205,4.569,0.252,0.189,
128,0.176,4.573,0.256,0.168,
128,0.175,4.563,0.258,0.174,
128,0.174,4.535,0.253,0.170,
128,0.203,4.574,0.252,0.187,
128,0.176,4.576,0.257,0.167,
128,0.174,4.561,0.360,0.183,
128,0.185,4.561,0.252,0.171,
128,0.179,4.611,0.248,0.172,
128,0.175,4.547,0.254,0.169,
128,0.175,4.542,0.253,0.163,
128,0.176,4.544,0.251,0.168,
128,0.200,4.597,0.253,0.168,
128,0.176,4.533,0.266,0.169,
128,0.174,4.630,0.257,0.169,
128,0.174,4.582,0.252,0.198,
128,0.199,4.540,0.253,0.178,
128,0.177,4.560,0.254,0.170,
128,0.175,4.562,0.252,0.168,
128,0.174,4.600,0.253,0.187,
128,0.188,4.539,0.251,0.179,
128,0.175,4.573,0.256,0.169,
128,0.174,4.567,0.260,0.167,
128,0.175,4.567,0.252,0.168,
128,0.186,4.533,0.252,0.167,
128,0.177,4.565,0.255,0.170,
128,0.176,4.582,0.254,0.169,
128,0.174,4.578,0.252,0.168,
128,0.177,4.545,0.272,0.172,
128,0.177,4.613,0.253,0.169,
128,0.173,4.551,0.252,0.170,
128,0.176,4.558,0.251,0.168,
128,0.178,4.545,0.252,0.173,
128,0.179,4.589,0.255,0.169,
128,0.175,4.542,0.262,0.168,
128,0.176,4.575,0.252,0.169,
128,0.205,4.579,0.272,0.172,
128,0.179,4.538,0.255,0.169,
256,0.141,2.387,0.240,0.114,
256,0.154,2.391,0.228,0.113,
256,0.134,2.414,0.175,0.112,
256,0.102,2.089,0.170,0.116,
256,0.099,2.089,0.172,0.103,
256,0.100,2.107,0.168,0.115,
256,0.101,2.099,0.175,0.182,
256,0.156,2.222,0.209,0.204,
256,0.176,2.350,0.214,0.192,
256,0.167,2.359,0.214,0.193,
256,0.175,2.359,0.217,0.172,
256,0.191,2.619,0.226,0.190,
256,0.190,2.725,0.217,0.207,
256,0.192,2.707,0.224,0.191,
256,0.193,3.017,0.228,0.197,
256,0.183,3.006,0.239,0.183,
256,0.181,3.066,0.231,0.203,
256,0.197,3.181,0.217,0.214,
256,0.186,3.198,0.230,0.198,
256,0.189,3.385,0.239,0.208,
256,0.198,3.383,0.247,0.204,
256,0.203,3.408,0.232,0.189,
256,0.199,3.416,0.234,0.186,
256,0.187,3.386,0.243,0.187,
256,0.182,3.626,0.241,0.233,
256,0.193,3.616,0.250,0.209,
256,0.191,3.644,0.239,0.194,
256,0.206,3.634,0.238,0.199,
256,0.203,3.655,0.241,0.190,
256,0.197,3.619,0.238,0.193,
256,0.211,3.645,0.242,0.231,
256,0.222,3.891,0.252,0.190,
256,0.217,3.899,0.247,0.205,
256,0.204,3.916,0.245,0.233,
256,0.206,3.891,0.246,0.212,
256,0.203,3.917,0.248,0.209,
256,0.192,3.956,0.245,0.220,
256,0.202,3.909,0.244,0.207,
256,0.216,3.917,0.248,0.206,
256,0.194,3.939,0.243,0.236,
256,0.202,3.882,0.245,0.191,
256,0.212,3.906,0.245,0.203,
256,0.209,3.889,0.244,0.219,
256,0.208,3.898,0.246,0.194,
256,0.205,3.898,0.255,0.190,
256,0.205,3.913,0.245,0.190,
256,0.231,4.181,0.235,0.170,
256,0.193,4.165,0.241,0.170,
256,0.181,4.199,0.237,0.176,
256,0.180,4.176,0.238,0.171,
256,0.181,4.200,0.258,0.174,
256,0.177,4.164,0.237,0.174,
256,0.183,4.214,0.236,0.194,
256,0.182,4.164,0.235,0.169,
256,0.191,4.201,0.236,0.169,
256,0.207,4.175,0.246,0.169,
256,0.177,4.210,0.236,0.170,
256,0.180,4.165,0.247,0.172,
256,0.181,4.180,0.257,0.173,
256,0.183,4.164,0.235,0.185,
256,0.179,4.204,0.236,0.169,
256,0.179,4.161,0.233,0.169,
256,0.177,4.208,0.238,0.171,
256,0.177,4.161,0.248,0.170,
256,0.181,4.189,0.260,0.171,
256,0.177,4.194,0.234,0.174,
256,0.185,4.183,0.235,0.182,
256,0.188,4.174,0.247,0.171,
256,0.191,4.289,0.235,0.172,
256,0.205,4.171,0.587,0.184,
256,0.183,4.212,0.229,0.169,
256,0.182,4.184,0.229,0.170,
256,0.203,4.179,0.237,0.169,
256,0.180,4.183,0.229,0.169,
256,0.182,4.266,0.232,0.175,
256,0.181,4.217,0.244,0.171,
256,0.182,4.183,0.227,0.195,
256,0.177,4.251,0.228,0.181,
256,0.177,4.233,0.228,0.168,
256,0.180,4.159,0.238,0.169,
256,0.202,4.164,0.251,0.169,
256,0.181,4.186,0.230,0.168,
256,0.180,4.161,0.257,0.168,
256,0.181,4.243,0.227,0.176,
256,0.176,4.189,0.229,0.195,
256,0.177,4.195,0.230,0.171,
256,0.182,4.164,0.228,0.170,
256,0.195,4.199,0.238,0.170,
256,0.180,4.191,0.229,0.168,
256,0.182,4.189,0.251,0.172,
256,0.180,4.166,0.237,0.168,
256,0.181,4.249,0.231,0.190,
256,0.177,4.166,0.228,0.170,
256,0.182,4.200,0.229,0.168,
256,0.197,4.172,0.236,0.168,
256,0.180,4.232,0.241,0.170,
256,0.177,4.185,0.231,0.169,
256,0.178,4.186,0.240,0.175,
256,0.183,4.164,0.230,0.183,
512,0.144,3.576,0.162,0.106,
512,0.102,3.084,0.211,0.117,
512,0.126,3.082,0.223,0.119,
512,0.130,3.202,0.199,0.120,
512,0.194,3.251,0.213,0.193,
512,0.175,3.252,0.209,0.185,
512,0.193,3.557,0.215,0.184,
512,0.173,3.550,0.217,0.185,
512,0.175,3.733,0.218,0.189,
512,0.172,3.733,0.222,0.183,
512,0.206,3.861,0.230,0.211,
512,0.183,3.919,0.239,0.198,
512,0.208,3.996,0.232,0.182,
512,0.225,4.132,0.231,0.194,
512,0.184,4.210,0.227,0.215,
512,0.187,4.359,0.230,0.201,
512,0.185,4.444,0.233,0.203,
512,0.232,4.617,0.236,0.201,
512,0.211,4.665,0.236,0.203,
512,0.186,4.615,0.237,0.190,
512,0.210,4.633,0.236,0.188,
512,0.202,4.687,0.236,0.202,
512,0.199,4.635,0.236,0.190,
512,0.203,4.614,0.253,0.136,
512,0.168,6.077,0.247,0.199,
512,0.191,5.179,0.213,0.197,
512,0.182,3.144,0.222,0.183,
512,0.166,3.145,0.227,0.183,
512,0.163,3.528,0.219,0.200,
512,0.190,3.558,0.221,0.189,
512,0.203,3.642,0.224,0.223,
512,0.177,3.728,0.226,0.207,
512,0.196,3.775,0.229,0.236,
512,0.176,3.922,0.229,0.199,
512,0.186,3.909,0.223,0.233,
512,0.186,4.356,0.242,0.189,
512,0.188,4.405,0.231,0.199,
512,0.189,4.608,0.235,0.203,
512,0.184,4.627,0.237,0.216,
512,0.203,4.634,0.235,0.190,
512,0.203,4.648,0.234,0.189,
512,0.224,4.626,0.234,0.199,
512,0.185,4.651,0.235,0.189,
512,0.199,4.628,0.244,0.188,
512,0.200,4.633,0.235,0.211,
512,0.200,4.615,0.235,0.204,
512,0.188,4.643,0.236,0.188,
512,0.211,4.616,0.234,0.186,
512,0.186,4.649,0.235,0.201,
512,0.187,4.606,0.237,0.189,
512,0.225,4.633,0.246,0.192,
512,0.205,4.634,0.238,0.188,
512,0.188,4.637,0.232,0.190,
512,0.211,4.629,0.238,0.189,
512,0.202,4.640,0.235,0.202,
512,0.197,4.626,0.239,0.190,
512,0.223,4.623,0.234,0.215,
512,0.205,4.654,0.236,0.191,
512,0.185,4.617,0.234,0.190,
512,0.205,4.653,0.268,0.189,
512,0.204,4.666,0.234,0.188,
512,0.186,4.626,0.234,0.211,
512,0.203,4.606,0.245,0.205,
512,0.198,4.631,0.235,0.190,
512,0.196,4.632,0.232,0.218,
512,0.192,4.644,0.246,0.187,
512,0.204,4.625,0.234,0.187,
512,0.186,4.610,0.235,0.218,
512,0.189,4.625,0.259,0.203,
512,0.196,4.613,0.235,0.187,
512,0.202,4.634,0.232,0.215,
512,0.190,4.609,0.246,0.203,
512,0.188,4.631,0.233,0.186,
512,0.205,4.608,0.236,0.187,
512,0.187,4.626,0.261,0.189,
512,0.187,4.616,0.248,0.190,
512,0.199,4.652,0.235,0.210,
512,0.200,4.618,0.246,0.202,
512,0.188,4.627,0.234,0.204,
512,0.185,4.611,0.236,0.210,
512,0.188,4.630,0.245,0.220,
512,0.186,4.624,0.237,0.189,
512,0.196,4.621,0.231,0.212,
512,0.205,4.635,0.237,0.193,
512,0.188,4.617,0.232,0.188,
512,0.187,4.617,0.237,0.213,
512,0.189,4.634,0.236,0.207,
512,0.187,4.616,0.233,0.202,
512,0.186,4.619,0.231,0.228,
512,0.206,4.636,0.240,0.192,
512,0.188,4.620,0.234,0.187,
512,0.188,4.649,0.247,0.214,
512,0.191,4.607,0.241,0.195,
512,0.200,4.625,0.234,0.189,
512,0.220,4.613,0.232,0.215,
512,0.200,4.639,0.247,0.189,
512,0.199,4.622,0.233,0.189,
512,0.213,4.698,0.234,0.197,
512,0.190,4.660,0.235,0.189,
1024,0.152,4.985,0.233,0.099,
1024,0.172,4.823,0.170,0.097,
1024,0.096,4.843,0.170,0.097,
1024,0.093,4.832,0.172,0.098,
1024,0.101,4.835,0.175,0.099,
1024,0.095,4.836,0.219,0.175,
1024,0.154,4.960,0.216,0.197,
1024,0.158,5.051,0.228,0.180,
1024,0.176,5.174,0.219,0.180,
1024,0.175,5.380,0.225,0.193,
1024,0.151,5.388,0.223,0.195,
1024,0.162,5.539,0.181,0.108,
1024,0.106,5.267,0.167,0.100,
1024,0.097,4.844,0.170,0.098,
1024,0.097,4.839,0.169,0.099,
1024,0.178,4.970,0.220,0.177,
1024,0.153,5.102,0.216,0.205,
1024,0.157,5.166,0.222,0.181,
1024,0.202,5.345,0.225,0.190,
1024,0.176,5.391,0.219,0.184,
1024,0.153,5.379,0.222,0.187,
1024,0.174,5.565,0.226,0.208,
1024,0.166,5.615,0.227,0.209,
1024,0.164,5.633,0.334,0.215,
1024,0.176,5.759,0.248,0.194,
1024,0.178,5.823,0.218,0.182,
1024,0.184,6.032,0.179,0.114,
1024,0.110,5.620,0.171,0.101,
1024,0.095,4.941,0.216,0.198,
1024,0.161,4.985,0.217,0.184,
1024,0.169,4.945,0.219,0.206,
1024,0.158,5.146,0.222,0.196,
1024,0.179,5.178,0.216,0.199,
1024,0.158,5.424,0.223,0.182,
1024,0.157,5.383,0.222,0.188,
1024,0.173,5.383,0.223,0.190,
1024,0.161,5.595,0.221,0.191,
1024,0.163,5.634,0.230,0.204,
1024,0.155,5.652,0.223,0.208,
1024,0.161,5.810,0.241,0.223,
1024,0.188,5.908,0.226,0.204,
1024,0.161,6.223,0.234,0.208,
1024,0.167,6.190,0.250,0.206,
1024,0.168,6.210,0.257,0.195,
1024,0.168,6.183,0.227,0.207,
1024,0.183,6.460,0.239,0.198,
1024,0.168,6.524,0.251,0.215,
1024,0.168,6.543,0.236,0.194,
1024,0.182,6.891,0.239,0.194,
1024,0.187,6.917,0.239,0.211,
1024,0.186,6.914,0.244,0.215,
1024,0.171,6.910,0.241,0.242,
1024,0.192,7.274,0.244,0.231,
1024,0.168,7.355,0.240,0.229,
1024,0.177,7.301,0.244,0.238,
1024,0.173,7.338,0.252,0.227,
1024,0.190,7.300,0.239,0.225,
1024,0.193,7.797,0.248,0.208,
1024,0.175,7.796,0.248,0.245,
1024,0.178,7.812,0.248,0.200,
1024,0.191,7.787,0.248,0.200,
1024,0.195,7.820,0.246,0.208,
1024,0.190,7.792,0.253,0.209,
1024,0.192,7.796,0.251,0.204,
1024,0.177,8.352,0.250,0.208,
1024,0.187,8.351,0.252,0.196,
1024,0.229,8.327,0.255,0.208,
1024,0.181,8.346,0.253,0.230,
1024,0.185,8.324,0.249,0.243,
1024,0.195,8.354,0.252,0.228,
1024,0.195,8.327,0.255,0.213,
1024,0.194,8.358,0.260,0.213,
1024,0.196,8.322,0.282,0.211,
1024,0.197,8.340,0.252,0.212,
1024,0.178,8.307,0.260,0.197,
1024,0.178,8.389,0.254,0.209,
1024,0.180,8.366,0.251,0.214,
1024,0.194,8.357,0.252,0.206,
1024,0.194,8.339,0.254,0.208,
1024,0.194,8.360,0.255,0.213,
1024,0.193,8.337,0.252,0.213,
1024,0.204,8.362,0.251,0.212,
1024,0.202,13.068,0.266,0.169,
1024,0.167,9.696,0.245,0.193,
1024,0.168,9.640,0.267,0.160,
1024,0.164,9.693,0.242,0.162,
1024,0.164,9.644,0.243,0.160,
1024,0.162,9.675,0.253,0.161,
1024,0.168,9.665,0.241,0.160,
1024,0.164,9.678,0.242,0.158,
1024,0.195,9.635,0.243,0.166,
1024,0.166,9.535,0.267,0.153,
1024,0.162,9.663,0.241,0.161,
1024,0.167,9.672,0.243,0.162,
1024,0.170,9.622,0.246,0.163,
1024,0.162,9.696,0.245,0.165,
1024,0.170,9.644,0.211,0.176,
1024,0.156,4.951,0.243,0.175,
1024,0.153,5.009,0.216,0.190,
2048,0.167,7.408,0.214,0.147,
2048,0.153,6.915,0.233,0.194,
2048,0.183,6.822,0.176,0.110,
2048,0.117,6.843,0.185,0.170,
2048,0.179,6.838,0.175,0.108,
2048,0.116,6.827,0.178,0.107,
2048,0.116,6.827,0.177,0.117,
2048,0.120,6.845,0.179,0.112,
2048,0.118,6.835,0.175,0.107,
2048,0.119,6.822,0.177,0.109,
2048,0.213,6.922,0.222,0.196,
2048,0.181,6.905,0.227,0.196,
2048,0.177,6.916,0.222,0.196,
2048,0.182,6.988,0.229,0.197,
2048,0.179,6.903,0.225,0.196,
2048,0.181,6.916,0.225,0.198,
2048,0.184,7.133,0.250,0.198,
2048,0.182,7.191,0.231,0.222,
2048,0.186,7.198,0.225,0.209,
2048,0.185,7.168,0.227,0.219,
2048,0.200,7.475,0.238,0.203,
2048,0.186,7.539,0.233,0.200,
2048,0.185,7.487,0.227,0.199,
2048,0.199,7.503,0.242,0.199,
2048,0.234,7.516,0.224,0.238,
2048,0.189,7.501,0.228,0.203,
2048,0.204,7.837,0.231,0.201,
2048,0.232,7.859,0.233,0.207,
2048,0.202,7.874,0.230,0.228,
2048,0.209,7.890,0.231,0.202,
2048,0.187,7.870,0.232,0.223,
2048,0.187,7.849,0.232,0.206,
2048,0.187,8.301,0.234,0.205,
2048,0.203,8.268,0.240,0.206,
2048,0.186,8.270,0.236,0.206,
2048,0.187,8.244,0.245,0.206,
2048,0.192,8.272,0.233,0.208,
2048,0.206,8.288,0.238,0.207,
2048,0.190,8.293,0.236,0.207,
2048,0.189,8.259,0.239,0.204,
2048,0.204,8.278,0.238,0.207,
2048,0.193,8.278,0.236,0.206,
2048,0.209,8.677,0.237,0.233,
2048,0.197,8.738,0.239,0.207,
2048,0.192,8.694,0.235,0.206,
2048,0.242,8.727,0.264,0.222,
2048,0.195,8.676,0.236,0.209,
2048,0.230,8.678,0.263,0.209,
2048,0.195,8.712,0.244,0.222,
2048,0.205,8.701,0.240,0.223,
2048,0.191,8.705,0.239,0.208,
2048,0.193,8.693,0.250,0.208,
2048,0.193,8.670,0.254,0.206,
2048,0.191,8.693,0.238,0.204,
2048,0.220,8.713,0.239,0.208,
2048,0.211,8.704,0.238,0.221,
2048,0.192,8.685,0.238,0.228,
2048,0.196,8.667,0.253,0.194,
2048,0.209,8.666,0.237,0.222,
2048,0.233,8.680,0.242,0.207,
2048,0.191,8.688,0.239,0.221,
2048,0.192,8.681,0.236,0.213,
2048,0.192,8.707,0.236,0.204,
2048,0.194,8.697,0.242,0.222,
2048,0.193,8.680,0.263,0.207,
2048,0.208,8.673,0.239,0.208,
2048,0.215,8.684,0.240,0.216,
2048,0.192,8.714,0.248,0.209,
2048,0.193,8.729,0.238,0.241,
2048,0.194,8.711,0.239,0.208,
2048,0.205,8.679,0.239,0.208,
2048,0.193,8.684,0.269,0.207,
2048,0.216,8.669,0.236,0.207,
2048,0.201,8.687,0.240,0.211,
2048,0.211,8.725,0.240,0.204,
2048,0.192,8.728,0.242,0.225,
2048,0.197,8.663,0.241,0.210,
2048,0.196,8.695,0.238,0.208,
2048,0.232,8.676,0.237,0.221,
2048,0.206,8.696,0.241,0.209,
2048,0.192,8.676,0.239,0.208,
2048,0.207,8.708,0.242,0.208,
2048,0.193,8.686,0.239,0.206,
2048,0.195,8.689,0.271,0.225,
2048,0.193,8.673,0.237,0.207,
2048,0.221,8.684,0.243,0.229,
2048,0.209,8.689,0.244,0.208,
2048,0.206,8.683,0.236,0.230,
2048,0.205,8.672,0.239,0.207,
2048,0.215,8.695,0.238,0.224,
2048,0.216,8.679,0.256,0.209,
2048,0.192,8.728,0.240,0.209,
2048,0.216,8.681,0.237,0.211,
2048,0.214,8.680,0.240,0.207,
2048,0.189,8.760,0.241,0.209,
2048,0.198,8.704,0.241,0.210,
2048,0.193,8.722,0.238,0.225,
2048,0.198,8.676,0.262,0.206,
2048,0.208,8.672,0.240,0.210,
4096,0.171,13.471,0.246,0.124,
4096,0.134,13.219,0.239,0.132,
4096,0.134,13.219,0.237,0.129,
4096,0.134,13.210,0.240,0.123,
4096,0.238,13.277,0.284,0.220,
4096,0.215,13.289,0.288,0.221,
4096,0.214,13.307,0.289,0.248,
4096,0.211,13.288,0.289,0.205,
4096,0.181,13.305,0.281,0.232,
4096,0.218,13.285,0.276,0.222,
4096,0.224,13.315,0.282,0.222,
4096,0.210,13.276,0.331,0.202,
4096,0.203,13.285,0.286,0.239,
4096,0.214,13.309,0.285,0.222,
4096,0.208,13.279,0.281,0.220,
4096,0.208,13.284,0.293,0.222,
4096,0.217,13.277,0.283,0.222,
4096,0.237,13.313,0.288,0.246,
4096,0.235,13.328,0.284,0.224,
4096,0.207,13.312,0.295,0.243,
4096,0.213,13.284,0.288,0.225,
4096,0.216,13.299,0.310,0.222,
4096,0.221,13.291,0.287,0.221,
4096,0.227,13.322,0.288,0.237,
4096,0.210,13.356,0.286,0.221,
4096,0.234,13.275,0.286,0.220,
4096,0.234,13.298,0.284,0.243,
4096,0.213,13.290,0.288,0.224,
4096,0.205,13.290,0.281,0.220,
4096,0.210,13.288,0.287,0.223,
4096,0.210,13.310,0.281,0.222,
4096,0.203,13.316,0.295,0.217,
4096,0.211,13.325,0.286,0.222,
4096,0.212,13.298,0.286,0.220,
4096,0.208,13.325,0.281,0.220,
4096,0.225,13.212,0.238,0.122,
4096,0.207,13.358,0.283,0.220,
4096,0.220,13.291,0.284,0.220,
4096,0.237,13.343,0.285,0.244,
4096,0.212,13.270,0.286,0.226,
4096,0.229,13.297,0.285,0.216,
4096,0.211,13.403,0.298,0.226,
4096,0.210,13.294,0.286,0.222,
4096,0.206,13.320,0.285,0.221,
4096,0.207,13.301,0.281,0.221,
4096,0.211,13.275,0.285,0.224,
4096,0.221,13.277,0.286,0.220,
4096,0.233,13.291,0.299,0.243,
4096,0.212,13.289,0.281,0.220,
4096,0.204,13.278,0.282,0.232,
4096,0.213,13.288,0.285,0.221,
4096,0.211,13.288,0.301,0.222,
4096,0.204,13.349,0.284,0.226,
4096,0.209,13.337,0.287,0.224,
4096,0.210,13.302,0.288,0.221,
4096,0.237,13.291,0.282,0.220,
4096,0.243,13.307,0.280,0.219,
4096,0.214,13.283,0.286,0.247,
4096,0.209,13.312,0.283,0.245,
4096,0.135,13.284,0.284,0.227,
4096,0.224,13.306,0.283,0.223,
4096,0.212,13.301,0.284,0.219,
4096,0.210,13.314,0.301,0.220,
4096,0.208,13.317,0.292,0.224,
4096,0.211,13.310,0.281,0.221,
4096,0.212,13.294,0.283,0.220,
4096,0.234,13.289,0.360,0.224,
4096,0.228,13.287,0.287,0.244,
4096,0.228,13.300,0.283,0.222,
4096,0.209,13.271,0.309,0.244,
4096,0.212,13.331,0.282,0.222,
4096,0.210,13.276,0.315,0.219,
4096,0.208,13.303,0.286,0.224,
4096,0.213,13.312,0.286,0.221,
4096,0.212,13.299,0.286,0.221,
4096,0.220,13.301,0.282,0.223,
4096,0.240,13.304,0.283,0.243,
4096,0.208,13.298,0.285,0.223,
4096,0.214,13.286,0.286,0.224,
4096,0.212,13.247,0.399,0.236,
4096,0.201,13.310,0.287,0.221,
4096,0.213,13.323,0.290,0.235,
4096,0.214,13.310,0.283,0.220,
4096,0.210,13.293,0.283,0.221,
4096,0.221,13.289,0.285,0.222,
4096,0.234,13.272,0.287,0.220,
4096,0.216,13.288,0.285,0.258,
4096,0.209,13.301,0.290,0.231,
4096,0.213,13.292,0.284,0.219,
4096,0.232,13.254,0.284,0.222,
4096,0.211,13.266,0.311,0.225,
4096,0.213,13.453,0.285,0.223,
4096,0.208,13.307,0.282,0.188,
4096,0.216,13.288,0.283,0.222,
4096,0.243,13.334,0.290,0.262,
4096,0.201,13.309,0.292,0.229,
4096,0.223,13.277,0.283,0.239,
4096,0.229,13.284,0.285,0.224,
4096,0.212,13.289,0.301,0.220,
8192,0.207,4.465,0.257,0.145,
8192,0.166,3.986,0.247,0.148,
8192,0.168,4.044,0.257,0.155,
8192,0.169,4.136,0.255,0.235,
8192,0.271,4.333,0.297,0.271,
8192,0.271,4.477,0.307,0.266,
8192,0.271,4.552,0.325,0.275,
8192,0.288,4.921,0.305,0.258,
8192,0.277,5.316,0.313,0.273,
8192,0.282,5.439,0.311,0.287,
8192,0.281,5.427,0.327,0.291,
8192,0.283,5.790,0.327,0.301,
8192,0.290,6.071,0.328,0.283,
8192,0.286,6.047,0.337,0.295,
8192,0.285,6.743,0.349,0.284,
8192,0.286,6.930,0.346,0.302,
8192,0.297,6.990,0.349,0.319,
8192,0.311,6.893,0.343,0.294,
8192,0.316,7.404,0.356,0.288,
8192,0.299,7.412,0.354,0.311,
8192,0.300,7.420,0.355,0.288,
8192,0.317,7.404,0.365,0.310,
8192,0.313,7.396,0.355,0.288,
8192,0.322,7.394,0.355,0.329,
8192,0.296,7.878,0.346,0.270,
8192,0.286,7.927,0.349,0.253,
8192,0.284,7.936,0.353,0.253,
8192,0.304,7.921,0.362,0.253,
8192,0.329,7.936,0.361,0.253,
8192,0.313,7.947,0.368,0.251,
8192,0.300,7.939,0.374,0.252,
8192,0.298,7.959,0.354,0.250,
8192,0.297,7.978,0.353,0.254,
8192,0.282,7.920,0.354,0.251,
8192,0.277,7.928,0.354,0.250,
8192,0.274,7.934,0.384,0.249,
8192,0.283,7.985,0.364,0.255,
8192,0.282,7.960,0.373,0.264,
8192,0.282,7.964,0.361,0.256,
8192,0.400,7.957,0.388,0.253,
8192,0.285,7.937,0.381,0.253,
8192,0.286,7.957,0.378,0.253,
8192,0.286,7.942,0.372,0.254,
8192,0.284,7.924,0.351,0.253,
8192,1.669,7.973,0.375,0.259,
8192,0.283,4.133,0.291,0.256,
8192,0.274,4.140,0.286,0.260,
8192,0.325,4.932,0.324,0.258,
8192,0.288,4.988,0.307,0.261,
8192,0.271,5.153,0.307,0.275,
8192,0.296,5.625,0.315,0.278,
8192,0.294,5.744,0.322,0.280,
8192,0.302,5.719,0.319,0.293,
8192,0.338,6.323,0.344,0.271,
8192,0.289,6.480,0.333,0.279,
8192,0.316,6.450,0.340,0.269,
8192,0.306,6.446,0.336,0.283,
8192,0.302,6.825,0.373,0.281,
8192,0.287,6.898,0.372,0.272,
8192,0.308,7.010,0.370,0.281,
8192,0.291,6.874,0.367,0.310,
8192,0.296,7.384,0.365,0.271,
8192,0.311,7.880,0.346,0.339,
8192,0.281,7.925,0.347,0.249,
8192,0.319,7.933,0.361,0.359,
8192,0.286,7.934,0.352,0.251,
8192,0.316,7.939,0.361,0.250,
8192,0.309,7.947,0.360,0.255,
8192,0.312,7.956,0.359,0.253,
8192,0.310,7.954,0.398,0.254,
8192,0.307,7.936,0.373,0.250,
8192,0.312,7.931,0.378,0.250,
8192,0.293,7.950,0.365,0.254,
8192,0.299,7.977,0.376,0.249,
8192,0.298,7.956,0.351,0.254,
8192,0.296,7.970,0.353,0.250,
8192,0.267,7.959,0.351,0.249,
8192,0.273,7.959,0.361,0.250,
8192,0.281,7.928,0.374,0.251,
8192,0.282,7.927,0.378,0.256,
8192,0.283,7.920,0.352,0.253,
8192,0.285,7.965,0.353,0.251,
8192,0.282,7.970,0.353,0.252,
8192,0.283,7.964,0.350,0.253,
8192,0.282,8.002,0.353,0.252,
8192,0.282,7.946,0.358,0.279,
8192,0.282,7.945,0.347,0.244,
8192,0.285,8.019,0.352,0.274,
8192,0.278,7.939,0.351,0.254,
8192,0.287,7.939,0.350,0.276,
8192,0.293,7.905,0.347,0.263,
8192,0.283,7.926,0.354,0.247,
8192,0.282,8.050,0.348,0.247,
8192,0.285,7.917,0.358,0.253,
8192,0.283,7.925,0.356,0.251,
8192,0.315,7.914,0.376,0.252,
8192,0.311,7.954,0.376,0.251,
8192,0.296,7.944,0.377,0.253,
8192,0.293,7.923,0.352,0.250,
16384,0.309,5.591,0.278,0.197,
16384,0.222,4.970,0.274,0.202,
16384,0.222,5.065,0.271,0.201,
16384,0.238,5.165,0.321,0.331,
16384,0.352,5.774,0.319,0.344,
16384,0.391,5.920,0.345,0.336,
16384,0.398,6.101,0.326,0.373,
16384,0.399,6.741,0.336,0.353,
16384,0.360,7.042,0.340,0.354,
16384,0.369,7.128,0.371,0.367,
16384,0.383,7.273,0.350,0.368,
16384,0.387,7.600,0.344,0.375,
16384,0.382,7.539,0.372,0.355,
16384,0.368,8.576,0.370,0.347,
16384,0.374,8.736,0.367,0.360,
16384,0.377,8.607,0.368,0.381,
16384,0.390,8.595,0.364,0.383,
16384,0.397,8.705,0.487,0.403,
16384,0.391,8.607,0.363,0.400,
16384,0.397,8.693,0.378,0.360,
16384,0.391,8.623,0.368,0.361,
16384,0.424,8.601,0.380,0.362,
16384,0.391,8.628,0.366,0.347,
16384,0.390,8.649,0.367,0.362,
16384,0.391,8.613,0.367,0.390,
16384,0.397,8.603,0.373,0.367,
16384,0.376,8.648,0.376,0.372,
16384,0.381,8.594,0.369,0.359,
16384,0.392,8.595,0.391,0.360,
16384,0.395,8.610,0.366,0.352,
16384,0.378,8.606,0.366,0.359,
16384,0.375,8.584,0.366,0.387,
16384,0.398,8.628,0.363,0.376,
16384,0.390,8.616,0.375,0.358,
16384,0.384,8.590,0.387,0.358,
16384,0.387,8.611,0.365,0.346,
16384,0.379,8.555,0.365,0.372,
16384,0.364,8.642,0.367,0.385,
16384,0.376,8.602,0.368,0.359,
16384,0.394,8.730,0.380,0.360,
16384,0.375,8.657,0.369,0.344,
16384,0.389,8.592,0.400,0.360,
16384,0.386,8.590,0.367,0.361,
16384,0.376,8.621,0.367,0.377,
16384,0.378,8.610,0.366,0.357,
16384,0.390,8.356,0.368,0.359,
16384,0.411,8.436,0.369,0.345,
16384,0.374,8.590,0.368,0.345,
16384,0.354,8.603,0.366,0.367,
16384,0.391,8.625,0.377,0.357,
16384,0.378,8.599,0.363,0.373,
16384,0.403,8.595,0.383,0.361,
16384,0.397,8.597,0.369,0.366,
16384,0.374,8.595,0.367,0.361,
16384,0.379,8.609,0.363,0.366,
16384,0.373,8.620,0.386,0.359,
16384,0.376,8.594,0.376,0.359,
16384,0.391,8.589,0.384,0.361,
16384,0.395,8.591,0.368,0.358,
16384,0.388,8.590,0.367,0.366,
16384,0.377,8.657,0.366,0.384,
16384,0.374,8.627,0.376,0.371,
16384,0.394,8.602,0.368,0.344,
16384,0.409,8.580,0.391,0.360,
16384,0.375,8.591,0.369,0.359,
16384,0.371,8.613,0.373,0.345,
16384,0.376,8.586,0.365,0.379,
16384,0.375,8.631,0.383,0.357,
16384,0.379,8.589,0.374,0.343,
16384,0.387,8.604,0.382,0.361,
16384,0.384,8.600,0.366,0.372,
16384,0.374,8.599,0.366,0.357,
16384,0.376,8.582,0.365,0.379,
16384,0.376,9.084,0.315,0.326,
16384,0.350,5.109,0.307,0.333,
16384,0.349,5.493,0.313,0.370,
16384,0.357,5.810,0.317,0.371,
16384,0.355,6.353,0.332,0.347,
16384,0.363,6.692,0.335,0.336,
16384,0.361,6.724,0.337,0.366,
16384,0.380,6.830,0.342,0.361,
16384,0.368,7.103,0.349,0.367,
16384,0.368,8.102,0.361,0.355,
16384,0.400,8.047,0.358,0.366,
16384,0.390,8.580,0.366,0.361,
16384,0.385,8.585,0.382,0.343,
16384,0.389,8.595,0.364,0.358,
16384,0.375,8.592,0.368,0.385,
16384,0.377,8.601,0.364,0.386,
16384,0.374,8.490,0.378,0.373,
16384,0.393,8.545,0.364,0.360,
16384,0.404,8.596,0.367,0.360,
16384,0.389,8.587,0.365,0.386,
16384,0.373,8.586,0.368,0.384,
16384,0.379,8.622,0.366,0.358,
16384,0.376,8.607,0.366,0.358,
16384,0.404,8.586,0.389,0.361,
16384,0.374,8.600,0.375,0.359,
16384,0.375,8.603,0.366,0.372,
32768,0.229,5.591,0.350,0.304,
32768,0.320,5.011,0.253,0.206,
32768,0.210,4.698,0.250,0.205,
32768,0.208,4.679,0.251,0.206,
32768,0.209,4.825,0.264,0.210,
32768,0.229,4.931,0.260,0.210,
32768,0.213,5.079,0.273,0.218,
32768,0.218,5.150,0.300,0.300,
32768,0.294,5.764,0.312,0.339,
32768,0.316,5.967,0.315,0.331,
32768,0.309,6.102,0.324,0.311,
32768,0.326,6.384,0.331,0.311,
32768,0.349,7.182,0.337,0.322,
32768,0.260,7.194,0.340,0.318,
32768,0.313,7.132,0.353,0.336,
32768,0.313,7.157,0.334,0.320,
32768,0.323,7.110,0.334,0.356,
32768,0.312,8.062,0.353,0.366,
32768,0.336,8.126,0.352,0.326,
32768,0.318,8.161,0.354,0.327,
32768,0.331,8.134,0.349,0.350,
32768,0.317,8.134,0.369,0.342,
32768,0.334,8.110,0.374,0.327,
32768,0.317,8.136,0.376,0.328,
32768,0.331,8.126,0.349,0.345,
32768,0.343,8.160,0.358,0.345,
32768,0.334,8.100,0.349,0.326,
32768,0.331,8.184,0.353,0.328,
32768,0.319,8.120,0.352,0.373,
32768,0.319,8.211,0.390,0.329,
32768,0.328,8.750,0.358,0.332,
32768,0.318,8.767,0.378,0.332,
32768,0.323,8.766,0.381,0.348,
32768,0.319,8.724,0.361,0.378,
32768,0.321,8.744,0.358,0.331,
32768,0.338,8.698,0.362,0.350,
32768,0.340,8.768,0.360,0.332,
32768,0.336,8.790,0.373,0.333,
32768,0.323,8.740,0.362,0.348,
32768,0.382,8.679,0.359,0.349,
32768,0.339,8.749,0.394,0.332,
32768,0.354,8.787,0.374,0.349,
32768,0.340,8.714,0.361,0.332,
32768,0.319,8.758,0.364,0.358,
32768,0.336,8.745,0.359,0.367,
32768,0.321,8.842,0.490,0.350,
32768,0.337,8.769,0.362,0.342,
32768,0.322,8.793,0.363,0.367,
32768,0.336,8.783,0.361,0.347,
32768,0.337,8.803,0.363,0.349,
32768,0.324,8.778,0.359,0.375,
32768,0.322,10.224,0.367,0.344,
32768,0.337,8.767,0.360,0.347,
32768,0.334,8.788,0.367,0.348,
32768,0.321,8.807,0.356,0.357,
32768,0.323,8.765,0.357,0.359,
32768,0.323,8.803,0.361,0.371,
32768,0.338,8.742,0.362,0.331,
32768,0.326,8.699,0.361,0.331,
32768,0.320,8.755,0.385,0.330,
32768,0.328,8.785,0.385,0.332,
32768,0.320,8.717,0.370,0.329,
32768,0.353,8.711,0.370,0.331,
32768,0.359,8.810,0.369,0.330,
32768,0.365,8.757,0.372,0.338,
32768,0.320,8.773,0.361,0.330,
32768,0.321,8.741,0.380,0.334,
32768,0.321,8.779,0.359,0.348,
32768,0.333,8.787,0.360,0.365,
32768,0.321,8.825,0.368,0.373,
32768,0.320,8.793,0.358,0.359,
32768,0.322,8.773,0.361,0.331,
32768,0.320,8.789,0.360,0.333,
32768,0.338,8.764,0.362,0.359,
32768,0.321,8.744,0.368,0.330,
32768,0.321,8.775,0.362,0.346,
32768,0.359,8.756,0.363,0.346,
32768,0.322,8.782,0.372,0.330,
32768,0.320,8.717,0.386,0.350,
32768,0.336,8.752,0.363,0.349,
32768,0.321,8.753,0.363,0.345,
32768,0.336,8.756,0.362,0.342,
32768,0.335,8.731,0.360,0.346,
32768,0.346,8.772,0.357,0.353,
32768,0.335,8.780,0.361,0.365,
32768,0.439,8.734,0.367,0.371,
32768,0.323,8.703,0.369,0.330,
32768,0.322,8.770,0.363,0.348,
32768,0.418,8.761,0.363,0.347,
32768,0.347,8.795,0.362,0.331,
32768,0.333,8.727,0.362,0.331,
32768,0.324,8.755,0.389,0.333,
32768,0.346,8.757,0.388,0.356,
32768,0.336,8.710,0.369,0.334,
32768,0.319,8.747,0.361,0.345,
32768,0.334,8.786,0.374,0.344,
32768,0.335,8.802,0.361,0.368,
32768,0.338,8.706,0.363,0.334,
32768,0.335,8.719,0.356,0.347,
65536,0.326,5.307,0.352,0.303,
65536,0.348,4.619,0.283,0.305,
65536,0.311,4.436,0.276,0.305,
65536,0.313,4.784,0.296,0.325,
65536,0.325,5.143,0.310,0.433,
65536,0.413,7.538,0.379,0.469,
65536,0.450,8.299,0.389,0.477,
65536,0.454,8.301,0.411,0.447,
65536,0.440,8.284,0.390,0.465,
65536,0.453,8.328,0.395,0.448,
65536,0.439,8.345,0.388,0.459,
65536,0.436,8.271,0.394,0.460,
65536,0.456,8.322,0.390,0.471,
65536,0.438,8.310,0.398,0.466,
65536,0.437,8.275,0.407,0.447,
65536,0.467,8.273,0.389,0.461,
65536,0.461,8.281,0.387,0.446,
65536,0.437,8.351,0.394,0.462,
65536,0.452,8.279,0.391,0.447,
65536,0.453,8.370,0.389,0.465,
65536,0.452,8.356,0.390,0.463,
65536,0.443,8.631,0.382,0.418,
65536,0.422,8.878,0.408,0.415,
65536,0.423,8.875,0.410,0.417,
65536,0.427,8.912,0.386,0.418,
65536,0.428,8.936,0.390,0.421,
65536,0.427,8.875,0.402,0.418,
65536,0.427,8.866,0.407,0.416,
65536,0.427,8.899,0.384,0.416,
65536,0.424,8.937,0.383,0.418,
65536,0.425,8.899,0.402,0.415,
65536,0.423,8.876,0.407,0.417,
65536,0.426,8.947,0.407,0.417,
65536,0.424,8.939,0.390,0.436,
65536,0.428,8.897,0.387,0.422,
65536,0.447,8.867,0.382,0.418,
65536,0.424,8.915,0.384,0.446,
65536,0.425,8.924,0.384,0.444,
65536,0.424,8.886,0.380,0.416,
65536,0.449,8.997,0.385,0.418,
65536,0.425,8.899,0.382,0.417,
65536,0.432,8.960,0.407,0.417,
65536,0.427,8.932,0.403,0.415,
65536,0.443,8.871,0.412,0.407,
65536,0.406,4.639,0.316,0.409,
65536,0.427,4.952,0.326,0.440,
65536,0.417,5.529,0.340,0.415,
65536,0.444,6.290,0.355,0.426,
65536,0.455,6.717,0.366,0.447,
65536,0.464,6.983,0.376,0.434,
65536,0.433,7.307,0.378,0.445,
65536,0.438,7.775,0.394,0.444,
65536,0.461,7.684,0.379,0.439,
65536,0.474,8.761,0.392,0.434,
65536,0.394,4.625,0.322,0.407,
65536,0.417,4.958,0.337,0.454,
65536,0.416,5.501,0.337,0.414,
65536,0.445,6.251,0.359,0.418,
65536,0.437,6.731,0.362,0.446,
65536,0.427,6.998,0.378,0.436,
65536,0.471,7.323,0.378,0.451,
65536,0.468,7.789,0.405,0.441,
65536,0.463,7.758,0.378,0.439,
65536,0.436,8.864,0.384,0.417,
65536,0.431,8.912,0.381,0.440,
65536,0.425,8.925,0.407,0.421,
65536,0.430,8.902,0.383,0.414,
65536,0.422,8.915,0.386,0.418,
65536,0.426,8.873,0.382,0.425,
65536,0.426,8.903,0.418,0.418,
65536,0.425,8.910,0.382,0.417,
65536,0.425,8.955,0.379,0.420,
65536,0.428,8.875,0.395,0.416,
65536,0.425,8.874,0.527,0.419,
65536,0.439,8.885,0.389,0.444,
65536,0.423,8.954,0.385,0.447,
65536,0.424,8.881,0.381,0.417,
65536,0.425,8.866,0.387,0.415,
65536,0.450,8.938,0.381,0.427,
65536,0.419,8.900,0.384,0.443,
65536,0.425,8.960,0.406,0.415,
65536,0.426,8.893,0.387,0.417,
65536,0.427,8.899,0.383,0.417,
65536,0.427,8.991,0.384,0.418,
65536,0.424,8.900,0.414,0.415,
65536,0.424,8.933,0.407,0.413,
65536,0.422,8.853,0.380,0.417,
65536,0.422,9.031,0.380,0.415,
65536,0.434,8.870,0.377,0.414,
65536,0.450,8.868,0.391,0.428,
65536,0.424,8.857,0.381,0.416,
65536,0.419,8.955,0.382,0.416,
65536,0.453,8.903,0.380,0.413,
65536,0.451,8.892,0.397,0.426,
65536,0.422,8.604,0.406,0.431,
65536,0.423,8.914,0.380,0.431,
65536,0.424,8.907,0.384,0.417,
65536,0.448,8.880,0.391,0.416,
65536,0.450,8.902,0.394,0.436,
131072,0.657,6.014,0.581,0.721,
131072,0.698,5.667,0.586,0.703,
131072,0.643,7.724,0.603,0.680,
131072,0.569,8.916,0.583,0.699,
131072,0.760,9.469,0.547,0.624,
131072,0.637,5.793,0.533,0.631,
131072,0.641,7.376,0.580,0.676,
131072,0.656,8.556,0.597,0.671,
131072,0.657,9.073,0.628,0.682,
131072,0.705,9.368,0.523,0.630,
131072,0.629,5.813,0.520,0.623,
131072,0.825,7.923,0.582,0.671,
131072,0.656,9.075,0.636,0.688,
131072,0.676,9.298,0.521,0.629,
131072,0.646,5.816,0.523,0.648,
131072,0.637,7.527,0.571,0.674,
131072,0.665,8.483,0.615,0.678,
131072,0.672,9.651,0.526,0.625,
131072,0.634,5.840,0.520,0.641,
131072,0.656,8.091,0.582,0.679,
131072,0.687,9.222,0.621,0.678,
131072,0.706,9.378,0.521,0.628,
131072,0.634,5.815,0.527,0.623,
131072,0.825,7.899,0.590,0.655,
131072,0.655,9.103,1.267,0.659,
131072,0.684,9.300,0.518,0.641,
131072,0.634,5.790,0.509,0.624,
131072,0.634,7.378,0.564,0.650,
131072,0.647,8.541,0.582,0.699,
131072,0.671,9.096,0.617,0.676,
131072,0.683,8.996,0.512,0.625,
131072,0.636,5.790,0.539,0.627,
131072,0.656,7.610,0.567,0.637,
131072,0.654,8.515,0.608,0.698,
131072,0.692,9.547,0.517,0.627,
131072,0.639,5.799,0.516,0.625,
131072,0.633,7.399,0.593,0.662,
131072,0.655,8.559,0.585,0.677,
131072,0.667,9.109,0.603,0.659,
131072,0.690,9.399,0.643,0.646,
131072,0.633,5.854,0.539,0.647,
131072,0.632,7.921,0.587,0.650,
131072,0.652,9.078,1.123,0.672,
131072,0.662,9.315,0.521,0.633,
131072,0.667,5.795,0.517,0.647,
131072,0.632,7.368,0.569,0.666,
131072,0.664,8.564,0.592,0.684,
131072,0.657,9.069,0.518,0.651,
131072,0.655,5.822,0.521,0.650,
131072,0.633,8.007,0.595,0.678,
131072,0.680,9.096,0.614,0.660,
131072,0.661,9.603,0.525,0.634,
131072,0.635,5.813,0.539,0.625,
131072,0.639,7.413,0.597,0.655,
131072,0.651,8.534,0.589,0.658,
131072,0.659,9.098,0.610,0.659,
131072,0.701,9.362,0.522,0.628,
131072,0.636,5.783,0.511,0.625,
131072,0.666,7.447,0.572,0.648,
131072,0.653,8.573,0.596,0.661,
131072,0.684,9.194,0.634,0.677,
131072,0.696,9.805,0.631,0.694,
131072,0.662,9.999,0.626,0.672,
131072,0.670,10.986,0.637,0.655,
131072,0.676,11.264,0.522,0.654,
131072,0.642,5.811,0.521,0.627,
131072,0.634,7.955,0.586,0.652,
131072,0.578,10.641,0.569,0.586,
131072,0.595,9.262,0.485,0.498,
131072,0.510,5.654,0.479,0.500,
131072,0.514,6.733,0.542,0.656,
131072,0.677,7.869,0.594,0.671,
131072,0.659,8.982,0.602,0.665,
131072,0.661,10.493,0.631,0.671,
131072,0.707,9.594,0.527,0.630,
131072,0.648,5.716,0.486,0.503,
131072,0.518,7.088,0.559,0.562,
131072,0.656,8.005,0.575,0.673,
131072,0.654,9.002,0.626,0.660,
131072,0.685,9.480,0.526,0.628,
131072,0.636,5.791,0.520,0.638,
131072,0.662,7.455,0.570,0.673,
131072,0.673,8.553,0.595,0.658,
131072,0.697,9.129,0.626,0.686,
131072,0.659,9.290,0.536,0.628,
131072,0.646,5.785,0.535,0.646,
131072,0.634,7.490,0.577,0.659,
131072,0.652,8.581,0.626,0.678,
131072,0.658,9.130,0.602,0.679,
131072,0.683,9.508,0.522,0.630,
131072,0.660,5.826,0.525,0.653,
131072,0.670,8.097,0.630,0.652,
131072,0.650,8.529,0.585,0.658,
131072,0.698,9.125,0.616,0.691,
131072,0.675,9.549,0.628,0.674,
131072,0.667,10.824,0.665,0.652,
131072,0.652,11.408,0.634,0.665,
131072,0.656,10.229,0.528,0.624,
131072,0.662,5.843,0.522,0.653,
262144,0.644,9.755,0.720,1.783,
262144,1.124,7.031,0.618,0.908,
262144,0.809,8.341,0.620,0.909,
262144,0.997,6.620,0.625,1.118,
262144,0.752,9.524,0.722,1.126,
262144,1.280,10.752,0.774,1.142,
262144,1.282,12.300,0.623,1.134,
262144,1.026,6.888,0.701,1.123,
262144,1.148,9.155,0.740,1.139,
262144,0.945,12.272,0.778,1.092,
262144,0.860,11.252,0.654,1.095,
262144,0.842,7.255,0.697,1.097,
262144,0.866,9.441,0.745,1.107,
262144,0.721,11.886,0.775,1.082,
262144,0.921,13.284,0.789,1.091,
262144,0.854,12.816,0.636,1.089,
262144,1.116,6.942,0.707,1.121,
262144,1.124,9.160,0.741,1.118,
262144,0.941,12.294,0.786,1.091,
262144,0.852,11.236,0.679,1.073,
262144,0.854,7.282,0.692,1.095,
262144,0.861,9.466,0.746,1.112,
262144,0.735,11.921,0.777,1.128,
262144,0.878,12.635,0.782,1.122,
262144,1.087,12.875,0.655,1.094,
262144,1.212,6.671,0.666,1.095,
262144,1.102,8.835,0.667,1.075,
262144,0.878,7.352,0.705,1.092,
262144,0.865,9.461,0.761,1.134,
262144,1.253,12.639,0.682,1.075,
262144,0.812,6.824,0.708,1.129,
262144,1.043,9.054,0.749,1.133,
262144,0.957,12.038,0.812,1.099,
262144,0.935,11.817,0.670,1.074,
262144,1.216,7.313,0.703,1.135,
262144,0.911,9.753,0.759,1.140,
262144,1.128,12.505,0.630,0.896,
262144,0.826,6.619,0.625,0.895,
262144,0.865,9.480,0.710,1.101,
262144,0.873,10.262,0.769,1.128,
262144,0.712,12.828,0.726,1.091,
262144,1.018,6.787,0.664,1.070,
262144,0.695,9.141,0.749,1.071,
262144,0.848,6.976,0.704,1.130,
262144,0.910,9.088,0.758,1.118,
262144,0.914,11.153,0.777,1.098,
262144,0.860,11.586,0.675,1.071,
262144,0.721,6.968,0.688,1.110,
262144,0.967,8.610,0.762,1.110,
262144,1.242,11.282,0.760,1.123,
262144,0.914,11.849,0.640,1.088,
262144,1.156,7.247,0.726,1.136,
262144,0.901,9.751,0.739,1.155,
262144,1.145,12.521,0.663,1.070,
262144,0.843,6.816,0.661,1.104,
262144,1.116,8.773,0.748,1.113,
262144,1.187,11.988,0.787,1.119,
262144,1.063,11.764,0.673,1.070,
262144,0.696,6.992,0.681,1.111,
262144,0.876,8.520,0.736,1.107,
262144,0.721,11.241,0.779,1.125,
262144,1.299,11.841,0.694,1.072,
262144,0.681,6.976,0.693,1.116,
262144,0.933,8.592,0.738,1.124,
262144,1.280,11.380,0.789,1.147,
262144,0.893,11.629,0.661,1.074,
262144,1.237,7.325,0.712,1.099,
262144,0.891,9.665,0.758,1.111,
262144,1.198,12.586,0.675,1.073,
262144,0.844,6.727,0.656,1.085,
262144,1.176,9.416,0.673,1.090,
262144,0.872,7.380,0.717,1.094,
262144,0.829,9.469,0.765,1.272,
262144,0.707,12.637,0.679,1.101,
262144,0.976,6.956,0.687,1.109,
262144,1.093,8.873,0.736,1.135,
262144,1.104,11.994,0.796,1.127,
262144,1.022,11.814,0.675,1.074,
262144,1.243,7.130,0.700,1.114,
262144,1.043,9.498,0.745,1.111,
262144,0.712,11.888,0.780,1.159,
262144,0.845,13.294,0.765,1.091,
262144,0.861,12.713,0.664,1.103,
262144,1.162,6.938,0.720,1.123,
262144,1.147,9.098,0.736,1.018,
262144,1.018,12.268,0.770,1.111,
262144,0.863,13.306,0.783,1.092,
262144,0.834,13.205,0.673,1.074,
262144,0.819,6.790,0.666,1.085,
262144,1.214,9.427,0.652,1.092,
262144,0.883,7.381,0.703,1.108,
262144,0.865,9.364,0.739,1.125,
262144,0.719,11.848,0.772,1.136,
262144,0.870,13.309,0.857,1.098,
262144,1.424,12.373,0.660,1.096,
262144,0.937,7.140,0.705,1.114,
262144,0.921,9.164,0.744,1.138,
262144,0.898,11.775,0.807,1.170,
262144,1.057,11.301,0.655,1.093,
524288,1.240,10.566,0.974,1.805,
524288,0.886,10.218,0.956,1.856,
524288,1.018,12.823,0.907,1.846,
524288,0.885,10.469,0.957,1.899,
524288,1.165,15.499,0.906,2.132,
524288,1.161,12.845,0.904,2.131,
524288,1.198,12.282,0.925,1.728,
524288,1.196,9.947,0.995,1.779,
524288,1.227,13.972,0.920,1.760,
524288,1.199,10.999,0.980,1.719,
524288,1.239,12.718,0.923,1.898,
524288,1.195,11.833,1.024,1.883,
524288,1.215,11.085,0.927,1.724,
524288,1.193,11.858,0.951,1.836,
524288,1.194,10.405,1.022,2.160,
524288,1.227,13.329,0.878,1.666,
524288,1.204,11.418,1.012,2.086,
524288,1.212,14.604,1.050,2.039,
524288,1.215,12.355,0.846,1.638,
524288,1.208,11.845,0.938,1.831,
524288,1.196,10.046,0.979,1.748,
524288,1.230,13.957,0.928,1.727,
524288,1.192,11.005,0.985,1.752,
524288,1.241,12.769,0.940,1.857,
524288,1.195,11.821,0.935,1.907,
524288,1.195,9.888,1.019,1.853,
524288,1.209,13.984,0.932,1.802,
524288,1.197,10.862,1.030,1.819,
524288,1.238,12.729,0.945,1.883,
524288,1.198,12.270,0.872,1.677,
524288,1.203,10.004,0.983,1.725,
524288,1.224,13.940,0.941,1.730,
524288,1.195,10.999,0.998,1.749,
524288,1.256,12.746,0.943,1.868,
524288,1.197,11.889,0.942,1.855,
524288,1.195,9.953,1.009,1.803,
524288,1.224,14.017,0.925,1.736,
524288,1.203,10.887,1.013,1.811,
524288,1.236,12.783,0.942,1.848,
524288,1.195,11.841,0.918,1.931,
524288,1.191,9.910,1.004,1.858,
524288,1.224,13.969,0.934,1.764,
524288,1.194,11.008,0.987,1.739,
524288,1.251,12.703,0.951,1.898,
524288,1.192,12.315,0.939,2.160,
524288,1.204,10.649,1.047,2.174,
524288,1.238,13.348,0.961,2.148,
524288,1.190,12.289,0.959,1.812,
524288,1.206,10.054,0.978,1.743,
524288,1.227,13.979,0.937,1.724,
524288,1.203,10.896,1.004,1.803,
524288,1.254,12.704,0.950,1.886,
524288,1.194,11.818,0.938,1.936,
524288,1.073,9.840,0.997,1.997,
524288,1.214,13.987,0.938,1.820,
524288,1.192,10.878,1.008,1.852,
524288,1.238,12.710,0.941,1.905,
524288,1.197,12.267,0.889,1.677,
524288,1.204,10.024,0.969,1.722,
524288,1.226,13.942,0.920,1.752,
524288,1.205,10.990,1.019,1.719,
524288,1.252,12.711,0.926,1.918,
524288,1.193,12.275,0.864,1.674,
524288,1.203,10.012,0.988,1.694,
524288,1.221,13.940,0.943,1.749,
524288,1.201,11.014,0.990,1.720,
524288,1.238,12.737,0.952,1.872,
524288,1.188,11.885,0.937,1.885,
524288,1.208,9.976,1.016,1.810,
524288,1.236,13.942,0.941,1.754,
524288,1.201,10.998,1.006,1.742,
524288,1.246,12.708,0.935,1.871,
524288,1.193,11.820,0.938,1.944,
524288,1.193,10.257,0.952,1.676,
524288,1.226,13.985,0.921,1.700,
524288,1.207,10.929,1.005,1.776,
524288,1.242,12.750,0.958,1.903,
524288,1.191,11.848,0.954,1.876,
524288,1.194,9.980,1.008,1.803,
524288,1.240,13.990,0.949,1.732,
524288,1.203,10.910,1.002,1.777,
524288,1.241,12.740,0.943,1.889,
524288,1.195,11.909,0.959,1.865,
524288,1.190,9.932,1.004,1.832,
524288,1.226,13.956,0.933,1.752,
524288,1.203,10.997,1.001,1.744,
524288,1.239,12.685,0.946,1.885,
524288,1.209,11.832,0.942,1.923,
524288,1.191,9.912,1.011,1.854,
524288,1.239,13.955,0.941,1.763,
524288,1.203,10.780,0.985,1.785,
524288,1.045,12.728,0.925,2.142,
524288,1.069,12.252,0.952,1.851,
524288,1.206,10.006,0.990,1.745,
524288,1.237,13.937,0.960,1.747,
524288,1.222,11.002,1.028,1.610,
524288,1.042,12.685,0.906,1.847,
524288,0.882,10.901,0.927,1.619,
524288,1.016,11.760,0.950,2.106,
1048576,2.065,10.419,1.583,2.459,
1048576,2.122,15.230,1.422,2.282,
1048576,2.179,12.925,1.392,2.171,
1048576,1.651,12.831,1.302,2.151,
1048576,1.977,14.645,1.250,2.093,
1048576,1.975,13.983,1.388,2.719,
1048576,1.969,13.807,1.565,2.587,
1048576,1.974,13.849,1.127,2.876,
1048576,1.998,13.896,1.141,2.858,
1048576,1.979,13.933,1.137,2.858,
1048576,2.253,13.970,1.358,2.518,
1048576,1.970,14.266,1.274,2.093,
1048576,1.983,14.267,1.499,2.417,
1048576,1.665,14.272,1.391,2.596,
1048576,1.661,14.406,1.368,2.506,
1048576,2.442,13.976,1.230,2.388,
1048576,2.232,13.952,1.265,2.405,
1048576,2.238,13.969,1.284,2.407,
1048576,2.248,13.935,1.295,2.434,
1048576,2.237,13.941,1.324,2.419,
1048576,2.237,13.943,1.293,2.412,
1048576,2.231,13.940,1.320,2.430,
1048576,2.243,13.946,1.313,2.412,
1048576,2.238,13.890,1.322,2.444,
1048576,2.235,13.925,1.328,2.434,
1048576,2.059,10.078,1.302,2.174,
1048576,2.239,15.251,1.303,2.452,
1048576,2.232,15.214,1.225,1.991,
1048576,2.239,15.236,1.287,2.427,
1048576,2.220,14.817,1.342,2.489,
1048576,1.971,13.534,1.204,2.378,
1048576,1.667,13.976,1.393,2.619,
1048576,1.662,15.713,1.270,2.402,
1048576,2.242,13.896,1.305,2.456,
1048576,1.671,10.092,1.402,2.557,
1048576,1.644,15.248,1.120,2.881,
1048576,1.961,15.113,1.539,2.174,
1048576,1.977,15.166,1.510,2.496,
1048576,1.982,14.621,1.246,1.947,
1048576,1.976,13.977,1.124,2.882,
1048576,1.981,14.703,1.215,2.378,
1048576,2.224,14.719,1.306,2.150,
1048576,1.983,14.663,1.264,2.387,
1048576,1.973,13.576,1.167,2.348,
1048576,2.223,14.810,1.290,2.407,
1048576,2.232,13.894,1.312,2.475,
1048576,2.062,10.088,1.297,2.470,
1048576,2.218,15.209,1.291,2.348,
1048576,1.660,14.829,1.157,2.356,
1048576,2.242,15.232,1.128,2.869,
1048576,1.646,15.305,1.394,2.683,
1048576,1.659,14.363,1.390,2.556,
1048576,1.667,14.426,1.352,2.616,
1048576,1.670,13.556,1.290,2.367,
1048576,1.681,14.791,1.212,2.382,
1048576,2.239,14.818,1.294,2.435,
1048576,1.669,14.641,1.255,2.061,
1048576,1.651,13.511,1.364,2.279,
1048576,1.968,15.633,1.301,2.120,
1048576,1.987,14.372,1.340,2.504,
1048576,1.970,10.077,1.336,2.519,
1048576,2.231,15.150,1.351,1.998,
1048576,1.652,14.304,1.572,2.253,
1048576,1.966,15.176,1.503,2.604,
1048576,1.980,15.192,1.338,2.460,
1048576,2.085,14.851,1.508,2.256,
1048576,1.792,14.780,1.276,2.344,
1048576,2.248,13.650,1.396,2.544,
1048576,2.240,13.981,1.298,2.446,
1048576,2.234,13.975,1.279,2.406,
1048576,2.231,13.963,1.308,2.429,
1048576,2.253,13.969,1.282,2.416,
1048576,2.240,13.965,1.310,2.519,
1048576,2.248,14.012,1.244,2.388,
1048576,2.238,13.984,1.249,2.349,
1048576,2.237,13.967,1.295,2.412,
1048576,2.230,13.960,1.296,2.436,
1048576,2.238,13.970,1.277,2.426,
1048576,2.246,13.953,1.297,2.425,
1048576,2.237,13.969,1.279,2.422,
1048576,2.231,13.965,1.283,2.425,
1048576,2.233,13.963,1.296,2.414,
1048576,2.249,13.966,1.296,2.525,
1048576,2.244,13.960,1.254,2.348,
1048576,2.251,13.615,1.401,2.582,
1048576,2.240,13.954,1.322,3.136,
1048576,2.076,18.107,1.507,2.506,
1048576,2.153,11.963,1.315,2.453,
1048576,2.234,11.930,1.312,2.446,
1048576,2.223,13.205,1.215,2.374,
1048576,2.236,13.601,1.376,2.529,
1048576,2.249,13.901,1.343,2.460,
1048576,1.974,13.585,1.192,2.348,
1048576,2.353,14.405,1.379,2.530,
1048576,2.252,13.902,1.328,2.466,
1048576,2.250,13.883,1.315,2.456,
1048576,2.249,13.887,1.321,2.464,
1048576,1.984,13.590,1.183,2.347,
1048576,2.241,14.788,1.389,2.042,
2097152,4.281,16.859,2.033,6.978,
2097152,3.843,12.236,2.271,4.002,
2097152,3.841,15.746,1.956,3.869,
2097152,4.120,17.879,2.036,3.898,
2097152,4.310,18.926,2.256,3.924,
2097152,3.801,14.310,2.123,3.856,
2097152,3.811,16.426,2.093,3.960,
2097152,4.304,18.943,2.244,3.885,
2097152,3.825,14.244,2.126,3.856,
2097152,3.795,16.424,2.166,3.831,
2097152,4.341,18.919,2.300,3.913,
2097152,3.822,14.243,2.062,3.867,
2097152,3.765,16.424,2.191,3.887,
2097152,4.414,19.025,2.053,4.141,
2097152,3.811,14.242,2.090,3.862,
2097152,3.895,16.420,2.042,3.900,
2097152,4.289,18.997,2.272,3.863,
2097152,3.807,14.231,2.110,3.848,
2097152,3.807,16.415,2.148,3.829,
2097152,4.298,18.957,1.806,3.825,
2097152,3.810,14.749,2.141,3.828,
2097152,3.803,16.427,2.220,3.894,
2097152,4.231,13.825,2.098,3.831,
2097152,3.823,17.303,1.902,3.827,
2097152,3.813,13.747,2.139,3.844,
2097152,3.825,16.735,1.959,3.812,
2097152,4.172,18.329,2.164,3.887,
2097152,3.810,14.253,1.969,3.201,
2097152,3.808,12.651,2.253,3.835,
2097152,3.830,16.243,2.056,3.817,
2097152,3.815,13.309,2.096,3.814,
2097152,3.817,16.742,2.295,3.953,
2097152,3.828,13.249,2.119,3.829,
2097152,3.828,16.749,2.329,3.937,
2097152,3.821,13.291,2.165,3.867,
2097152,3.819,16.753,2.075,3.990,
2097152,3.818,13.325,2.002,4.308,
2097152,3.776,16.743,2.213,3.879,
2097152,3.799,13.295,2.236,3.862,
2097152,3.840,16.769,2.177,3.856,
2097152,3.808,13.240,2.059,3.869,
2097152,3.826,16.744,2.262,3.940,
2097152,3.801,13.236,2.189,3.811,
2097152,3.816,16.751,2.268,3.942,
2097152,3.798,13.306,2.110,3.804,
2097152,3.815,16.752,2.298,4.007,
2097152,3.809,13.298,2.333,3.833,
2097152,3.798,16.747,2.127,3.850,
2097152,3.818,13.228,2.041,3.824,
2097152,3.829,16.753,1.989,3.869,
2097152,3.813,13.775,2.116,3.863,
2097152,3.815,16.743,2.266,4.000,
2097152,3.809,13.342,1.944,4.288,
2097152,3.775,16.785,2.164,3.865,
2097152,3.805,13.305,2.198,3.869,
2097152,3.833,16.738,2.187,3.819,
2097152,3.202,13.800,2.406,3.870,
2097152,3.831,16.751,2.154,3.827,
2097152,3.800,13.246,1.968,3.805,
2097152,3.832,16.742,2.173,4.019,
2097152,3.821,13.302,2.044,4.292,
2097152,3.829,16.737,2.039,3.934,
2097152,3.742,13.378,1.988,4.306,
2097152,3.828,16.804,1.967,4.304,
2097152,3.810,13.271,1.901,3.829,
2097152,3.826,16.749,2.039,3.942,
2097152,3.778,13.273,2.015,4.296,
2097152,3.875,16.807,1.974,3.839,
2097152,3.810,13.256,2.016,3.845,
2097152,3.825,16.742,2.173,4.019,
2097152,3.765,13.284,2.052,3.988,
2097152,3.765,16.741,1.953,3.814,
2097152,4.149,18.341,2.072,3.992,
2097152,3.743,18.717,1.994,4.663,
2097152,4.118,14.799,2.072,4.003,
2097152,3.802,16.831,2.215,3.975,
2097152,3.809,13.740,2.217,3.405,
2097152,3.213,17.229,2.040,4.133,
2097152,3.798,13.776,2.122,4.157,
2097152,3.820,16.741,1.837,3.994,
2097152,3.809,13.757,2.091,4.020,
2097152,3.526,16.755,2.167,4.179,
2097152,3.795,13.228,2.145,3.958,
2097152,3.817,16.759,2.248,4.092,
2097152,3.803,13.290,1.913,4.018,
2097152,3.816,16.755,2.171,4.060,
2097152,3.803,13.301,2.243,3.992,
2097152,3.826,16.242,2.098,3.977,
2097152,3.810,13.230,2.242,3.995,
2097152,3.827,16.737,2.236,4.110,
2097152,3.811,13.254,2.263,4.048,
2097152,3.830,16.272,2.097,4.179,
2097152,3.740,13.806,1.783,4.612,
2097152,3.848,16.289,2.209,4.032,
2097152,3.819,12.741,2.106,4.055,
2097152,3.838,16.733,2.012,4.210,
2097152,3.798,13.249,2.195,4.011,
2097152,3.815,16.234,2.281,4.226,
2097152,3.817,13.248,2.337,4.037,
4194304,8.315,19.480,4.024,17.832,
4194304,8.011,19.293,4.053,18.253,
4194304,8.291,18.299,3.987,18.266,
4194304,8.153,17.966,3.986,17.989,
4194304,7.988,18.062,4.028,18.019,
4194304,8.021,18.039,3.982,17.991,
4194304,8.006,18.045,3.943,18.113,
4194304,8.137,17.906,3.938,17.967,
4194304,8.012,18.016,3.961,18.145,
4194304,8.144,17.938,3.931,17.955,
4194304,8.007,18.029,4.036,18.040,
4194304,8.112,17.951,3.946,17.960,
4194304,7.994,18.043,4.039,18.002,
4194304,8.017,18.033,3.988,18.048,
4194304,8.133,17.936,3.919,17.964,
4194304,8.008,18.031,3.935,18.100,
4194304,8.014,18.044,3.998,18.018,
4194304,8.005,17.991,3.961,18.105,
4194304,8.143,17.946,3.944,17.957,
4194304,8.021,18.032,3.962,18.056,
4194304,8.131,17.899,3.955,18.068,
4194304,8.007,18.092,3.924,18.086,
4194304,8.138,17.866,3.939,17.983,
4194304,8.002,18.018,3.977,18.082,
4194304,8.320,17.807,3.944,18.011,
4194304,7.991,17.982,3.931,18.131,
4194304,8.144,17.888,3.928,18.095,
4194304,8.148,17.880,3.916,17.990,
4194304,8.011,17.989,3.992,18.091,
4194304,8.006,17.976,3.998,18.148,
4194304,8.136,17.877,3.973,17.978,
4194304,8.017,17.980,3.982,18.128,
4194304,8.121,17.886,3.991,18.019,
4194304,7.985,17.981,3.969,18.125,
4194304,8.140,17.866,3.930,18.084,
4194304,8.146,17.806,3.847,18.111,
4194304,7.997,18.011,3.948,18.083,
4194304,7.990,17.977,3.987,18.115,
4194304,8.128,17.853,3.944,18.114,
4194304,8.135,17.877,3.922,18.100,
4194304,8.137,17.872,3.969,18.043,
4194304,8.224,17.928,3.836,17.964,
4194304,7.990,17.988,3.980,18.122,
4194304,8.130,17.870,3.958,18.082,
4194304,8.133,17.858,4.029,18.001,
4194304,7.997,18.002,3.963,18.121,
4194304,8.119,17.884,3.952,18.005,
4194304,7.997,17.977,4.044,18.115,
4194304,8.126,17.872,3.997,18.002,
4194304,7.989,17.987,3.951,18.117,
4194304,8.317,17.781,3.920,17.977,
4194304,8.002,17.979,4.032,18.110,
4194304,8.107,17.900,3.973,18.025,
4194304,7.981,17.985,3.967,18.146,
4194304,8.123,17.885,3.992,17.991,
4194304,7.999,17.989,3.962,18.129,
4194304,7.992,18.031,3.951,18.070,
4194304,7.993,17.999,3.998,18.133,
4194304,8.145,17.868,3.977,17.978,
4194304,7.991,17.966,3.999,18.137,
4194304,8.120,17.858,4.006,18.103,
4194304,8.027,18.173,3.961,18.135,
4194304,8.144,17.785,3.941,18.039,
4194304,8.214,17.814,3.953,18.062,
4194304,8.026,17.860,4.020,18.131,
4194304,7.994,18.001,3.968,18.242,
4194304,8.433,17.714,3.894,18.032,
4194304,7.782,18.019,4.041,18.179,
4194304,8.146,17.790,3.950,18.069,
4194304,8.025,17.865,4.033,18.127,
4194304,8.147,17.973,3.928,18.226,
4194304,8.128,17.778,3.947,18.067,
4194304,8.193,17.764,3.976,18.123,
4194304,7.984,18.008,4.068,18.226,
4194304,8.148,17.990,4.050,18.156,
4194304,8.164,17.914,3.987,18.195,
4194304,8.011,18.074,4.009,18.228,
4194304,8.126,17.998,3.974,18.207,
4194304,8.139,17.984,3.957,18.238,
4194304,8.153,17.956,3.965,18.229,
4194304,8.128,17.977,3.971,18.286,
4194304,8.135,18.020,3.943,18.184,
4194304,8.127,17.916,3.990,18.213,
4194304,8.136,17.990,4.041,18.192,
4194304,8.131,17.945,4.048,18.135,
4194304,8.011,18.030,4.023,18.239,
4194304,8.153,17.935,3.999,18.211,
4194304,8.142,17.939,4.016,18.251,
4194304,8.132,17.913,3.979,18.293,
4194304,8.125,17.946,4.050,18.166,
4194304,8.026,18.026,3.968,18.334,
4194304,8.296,17.800,4.002,18.185,
4194304,8.129,17.938,4.060,18.135,
4194304,8.006,18.018,4.036,18.254,
4194304,8.145,17.954,4.059,18.185,
4194304,8.123,17.913,4.032,18.235,
4194304,8.001,18.050,3.968,18.253,
4194304,8.145,17.913,4.000,18.238,
4194304,8.151,17.921,3.992,18.236,
8388608,18.222,23.636,7.445,30.363,
8388608,14.589,15.815,7.109,29.795,
8388608,17.365,24.913,7.478,30.050,
8388608,16.409,21.158,7.616,30.085,
8388608,15.904,20.653,7.184,29.810,
8388608,17.310,20.802,7.339,34.885,
8388608,17.048,22.304,7.520,30.189,
8388608,16.680,25.730,6.694,36.181,
8388608,19.453,23.938,6.593,33.119,
8388608,16.569,21.704,6.708,36.515,
8388608,19.310,22.105,6.726,35.455,
8388608,19.336,23.234,6.628,41.080,
8388608,17.343,25.993,6.810,38.412,
8388608,18.808,24.156,6.739,36.835,
8388608,19.355,23.122,6.644,41.169,
8388608,17.334,25.966,6.676,38.579,
8388608,18.800,24.187,6.820,41.046,
8388608,18.898,26.189,6.807,37.528,
8388608,18.808,24.171,6.809,41.080,
8388608,18.916,26.132,6.739,37.534,
8388608,18.901,24.154,6.678,41.164,
8388608,18.943,25.631,6.596,37.985,
8388608,18.997,23.883,6.716,41.112,
8388608,18.955,26.106,6.671,37.615,
8388608,18.826,24.171,6.914,36.072,
8388608,19.896,23.154,6.780,40.979,
8388608,18.899,25.489,6.769,37.453,
8388608,19.235,23.588,6.619,36.499,
8388608,19.917,22.791,6.683,35.848,
8388608,19.726,22.099,6.604,35.703,
8388608,19.743,22.118,6.588,35.668,
8388608,19.766,22.120,6.618,40.749,
8388608,17.369,25.980,6.724,38.334,
8388608,18.809,24.002,6.828,41.175,
8388608,18.918,25.504,6.647,38.405,
8388608,18.801,23.959,6.675,41.302,
8388608,18.931,25.487,6.487,37.790,
8388608,17.714,24.658,6.735,36.772,
8388608,19.291,23.458,6.690,40.877,
8388608,18.958,25.495,6.618,38.255,
8388608,18.822,23.966,6.721,41.282,
8388608,18.952,25.794,6.775,36.579,
8388608,17.244,25.277,6.795,37.144,
8388608,19.255,23.520,6.513,36.809,
8388608,19.747,22.760,6.673,35.917,
8388608,19.766,22.103,6.602,40.792,
8388608,18.275,25.426,6.791,37.015,
8388608,18.818,23.953,6.696,37.210,
8388608,19.869,22.177,6.559,40.597,
8388608,17.373,26.380,6.361,38.343,
8388608,18.807,24.044,6.655,36.020,
8388608,19.188,23.653,6.690,36.530,
8388608,19.749,22.975,6.680,35.696,
8388608,19.920,22.807,6.529,35.870,
8388608,19.726,22.878,6.761,35.747,
8388608,19.740,22.863,6.722,35.786,
8388608,19.762,22.842,6.760,35.772,
8388608,19.785,22.850,6.760,35.691,
8388608,19.775,22.838,6.648,36.544,
8388608,19.988,22.133,6.587,35.706,
8388608,19.755,22.838,6.674,35.989,
8388608,20.045,22.110,6.524,35.300,
8388608,19.952,22.740,6.700,35.658,
8388608,19.747,22.952,6.781,35.598,
8388608,19.953,22.780,6.772,35.670,
8388608,19.798,22.827,6.793,35.711,
8388608,19.817,22.792,6.602,35.837,
8388608,19.771,22.855,6.764,35.670,
8388608,19.746,22.852,6.765,35.780,
8388608,19.782,22.841,6.856,35.655,
8388608,19.987,22.728,6.742,40.846,
8388608,17.363,25.979,6.709,38.543,
8388608,18.826,23.967,6.585,36.091,
8388608,19.350,23.533,6.512,40.907,
8388608,17.387,26.116,6.612,41.354,
8388608,19.960,21.592,6.678,40.559,
8388608,17.373,25.978,6.641,37.604,
8388608,18.690,24.320,6.686,41.025,
8388608,18.920,26.117,6.669,37.583,
8388608,18.066,24.737,6.876,36.911,
8388608,19.360,23.335,6.627,41.022,
8388608,18.922,25.476,6.656,37.321,
8388608,18.051,24.780,6.758,37.125,
8388608,19.357,23.278,6.517,41.009,
8388608,18.913,25.484,6.696,37.329,
8388608,18.108,24.577,6.896,36.877,
8388608,19.366,23.365,6.438,41.111,
8388608,19.105,25.600,6.671,38.088,
8388608,19.113,23.675,6.739,35.993,
8388608,19.344,23.340,6.498,41.123,
8388608,18.933,25.491,6.675,37.325,
8388608,18.091,24.680,6.985,36.865,
8388608,19.358,23.352,6.534,41.036,
8388608,18.959,25.477,6.636,37.412,
8388608,18.610,24.414,6.637,36.874,
8388608,19.355,23.329,6.535,41.123,
8388608,17.632,26.166,6.616,37.962,
8388608,19.182,23.743,6.860,36.788,
8388608,19.929,22.617,6.494,35.949,
16777216,30.904,21.006,12.891,62.713,
16777216,30.428,21.704,12.793,64.154,
16777216,33.553,29.210,12.699,65.960,
16777216,33.518,24.466,12.775,64.090,
16777216,33.232,25.516,12.838,59.660,
16777216,29.816,32.837,11.151,62.819,
16777216,31.201,30.152,11.357,61.947,
16777216,34.866,31.233,11.512,61.911,
16777216,33.889,31.084,11.421,65.101,
16777216,35.090,29.650,11.271,79.966,
16777216,33.617,28.916,11.479,74.099,
16777216,33.847,30.139,11.320,74.138,
16777216,35.190,30.124,11.291,74.279,
16777216,35.243,30.117,11.306,74.191,
16777216,35.243,29.699,11.515,73.836,
16777216,35.293,30.472,11.361,73.390,
16777216,35.947,35.355,11.341,72.343,
16777216,34.101,29.116,11.468,73.946,
16777216,33.734,30.121,11.618,73.828,
16777216,33.165,30.141,11.595,73.712,
16777216,35.617,30.238,11.443,74.485,
16777216,35.925,29.689,11.424,73.951,
16777216,35.204,30.054,11.456,73.547,
16777216,35.235,30.143,11.291,74.178,
