nThreads,memcpyOut,plan,execu,memcpyIn
1,0.092,0.246,0.392,0.089,
2,0.014,0.298,0.318,0.024,
3,0.027,0.405,0.310,0.025,
4,0.014,0.352,0.255,0.036,
5,0.024,0.451,0.224,0.022,
6,0.014,0.705,0.349,0.034,
7,0.015,0.511,0.196,0.020,
8,0.015,0.948,0.352,0.018,
9,0.015,0.527,0.236,0.031,
10,0.016,1.016,0.476,0.031,
11,0.015,0.943,0.381,0.020,
12,0.015,0.949,0.436,0.022,
13,0.015,0.645,0.237,0.020,
14,0.015,1.181,0.471,0.016,
15,0.014,1.131,0.492,0.020,
16,0.014,1.204,0.464,0.024,
17,0.015,1.223,0.637,0.032,
18,0.015,1.147,0.563,0.024,
19,0.015,1.309,0.501,0.032,
20,0.015,1.116,0.621,0.020,
21,0.016,1.125,0.599,0.020,
22,0.016,1.106,0.635,0.033,
23,0.014,1.189,0.642,0.035,
24,0.015,1.233,0.618,0.031,
25,0.015,0.986,0.316,0.021,
26,0.015,1.798,1.385,0.032,
27,0.017,1.811,1.500,0.032,
28,0.015,1.812,1.368,0.038,
29,0.015,1.731,1.421,0.024,
30,0.016,1.821,1.281,0.022,
31,0.016,1.880,1.534,0.020,
32,0.014,1.742,1.531,0.024,
33,0.015,1.739,1.636,0.020,
34,0.016,1.755,1.504,0.021,
35,0.016,1.863,1.385,0.022,
36,0.017,1.744,1.481,0.025,
1,0.015,0.119,0.267,0.012,
2,0.015,0.148,0.182,0.014,
3,0.014,0.170,0.281,0.026,
4,0.014,0.191,0.240,0.020,
5,0.015,0.210,0.212,0.017,
6,0.014,0.424,0.293,0.026,
7,0.015,0.257,0.205,0.025,
8,0.014,0.477,0.350,0.041,
9,0.014,0.288,0.209,0.019,
10,0.014,0.531,0.344,0.019,
11,0.016,0.509,0.403,0.020,
12,0.015,0.505,0.389,0.027,
13,0.015,0.376,0.241,0.034,
14,0.016,0.627,0.463,0.032,
15,0.014,0.653,0.489,0.022,
16,0.016,0.627,0.549,0.033,
17,0.015,0.616,0.620,0.020,
18,0.016,0.620,0.559,0.035,
19,0.016,0.622,0.500,0.022,
20,0.015,0.633,0.576,0.032,
21,0.015,0.622,0.632,0.034,
22,0.020,0.833,0.542,0.021,
23,0.016,0.634,0.592,0.033,
24,0.015,0.624,0.586,0.045,
25,0.014,0.481,0.360,0.027,
26,0.014,1.031,1.595,0.021,
27,0.015,0.971,1.463,0.035,
28,0.015,0.981,1.474,0.030,
29,0.015,0.993,1.516,0.023,
30,0.016,0.967,1.384,0.034,
31,0.016,0.984,1.465,0.019,
32,0.016,0.984,1.553,0.022,
33,0.016,1.058,1.364,0.026,
34,0.015,0.985,1.472,0.024,
35,0.015,0.977,1.360,0.031,
36,0.016,0.985,1.338,0.033,
1,0.015,0.120,0.266,0.013,
2,0.015,0.147,0.181,0.014,
3,0.014,0.169,0.148,0.014,
4,0.014,0.194,0.161,0.015,
5,0.014,0.210,0.114,0.014,
6,0.013,0.355,0.234,0.018,
7,0.014,0.249,0.207,0.020,
8,0.014,0.436,0.307,0.018,
9,0.014,0.287,0.225,0.023,
10,0.015,0.504,0.399,0.029,
11,0.014,0.508,0.388,0.018,
12,0.014,0.515,0.411,0.027,
13,0.015,0.371,0.218,0.043,
14,0.014,0.629,0.690,0.033,
15,0.015,0.611,0.620,0.030,
16,0.016,0.620,0.538,0.022,
17,0.015,0.619,0.617,0.021,
18,0.015,0.617,0.547,0.033,
19,0.016,0.622,0.590,0.020,
20,0.016,0.618,0.593,0.033,
21,0.015,0.616,0.602,0.029,
22,0.016,0.621,0.624,0.033,
23,0.015,0.729,0.630,0.031,
24,0.015,0.672,0.515,0.031,
25,0.015,0.489,0.363,0.032,
26,0.016,0.975,1.504,0.036,
27,0.016,0.985,1.478,0.025,
28,0.016,0.974,1.478,0.018,
29,0.015,1.045,1.400,0.020,
30,0.014,1.079,1.361,0.034,
31,0.015,0.983,1.398,0.023,
32,0.016,0.987,1.501,0.029,
33,0.016,0.989,1.364,0.033,
34,0.018,0.989,1.472,0.021,
35,0.015,0.993,1.338,0.034,
36,0.016,0.973,1.417,0.018,
1,0.016,0.119,0.264,0.012,
2,0.014,0.147,0.180,0.013,
3,0.014,0.168,0.149,0.015,
4,0.014,0.194,0.129,0.014,
5,0.013,0.212,0.121,0.015,
6,0.014,0.357,0.270,0.021,
7,0.015,0.248,0.217,0.034,
8,0.016,0.456,0.328,0.020,
9,0.015,0.290,0.232,0.019,
10,0.014,0.505,0.378,0.018,
11,0.014,0.517,0.355,0.029,
12,0.017,0.509,0.402,0.022,
13,0.014,0.364,0.230,0.031,
14,0.016,0.620,0.544,0.033,
15,0.016,0.612,0.551,0.033,
16,0.015,0.621,0.561,0.034,
17,0.015,0.619,0.571,0.034,
18,0.016,0.621,0.518,0.029,
19,0.015,0.620,0.680,0.031,
20,0.014,0.618,0.446,0.020,
21,0.015,0.620,0.657,0.033,
22,0.014,0.624,0.567,0.027,
23,0.015,0.628,0.577,0.024,
24,0.016,0.615,0.680,0.020,
25,0.014,0.491,0.381,0.022,
26,0.016,0.972,1.479,0.034,
27,0.015,0.980,1.715,0.030,
28,0.015,0.964,1.301,0.021,
29,0.016,1.048,1.492,0.022,
30,0.016,0.966,1.576,0.031,
31,0.015,0.986,1.567,0.023,
32,0.015,0.976,1.588,0.033,
33,0.015,0.975,1.449,0.021,
34,0.017,0.990,1.493,0.036,
35,0.014,0.981,1.406,0.027,
36,0.015,0.972,1.487,0.038,
1,0.014,0.122,0.266,0.012,
2,0.014,0.148,0.285,0.023,
3,0.014,0.175,0.145,0.014,
4,0.013,0.190,0.129,0.015,
5,0.014,0.214,0.130,0.015,
6,0.014,0.355,0.260,0.031,
7,0.016,0.254,0.176,0.019,
8,0.015,0.445,0.286,0.019,
9,0.015,0.286,0.199,0.035,
10,0.015,0.507,0.418,0.033,
11,0.014,0.507,0.341,0.029,
12,0.016,0.511,0.524,0.029,
13,0.017,0.372,0.229,0.021,
14,0.015,0.612,0.697,0.021,
15,0.016,0.618,0.596,0.034,
16,0.015,0.614,0.654,0.026,
17,0.015,0.621,0.599,0.023,
18,0.016,0.613,0.635,0.033,
19,0.016,0.616,0.561,0.035,
20,0.016,0.630,0.607,0.033,
21,0.016,0.622,0.544,0.030,
22,0.018,0.622,0.618,0.036,
23,0.014,0.627,0.626,0.029,
24,0.016,0.627,0.630,0.022,
25,0.015,0.480,0.345,0.024,
26,0.017,0.977,1.500,0.028,
27,0.015,1.000,1.425,0.019,
28,0.014,0.981,1.545,0.029,
29,0.017,0.975,1.337,0.032,
30,0.016,0.977,1.284,0.032,
31,0.017,0.977,1.443,0.022,
32,0.014,0.997,1.449,0.020,
33,0.017,0.977,1.428,0.020,
34,0.016,0.986,1.383,0.021,
35,0.016,0.973,1.457,0.026,
36,0.016,0.995,1.531,0.021,
1,0.014,0.119,0.266,0.014,
2,0.016,0.147,0.180,0.014,
3,0.014,0.169,0.145,0.015,
4,0.014,0.194,0.179,0.018,
5,0.015,0.215,0.127,0.015,
6,0.014,0.355,0.272,0.027,
7,0.015,0.258,0.191,0.021,
8,0.015,0.445,0.317,0.030,
9,0.014,0.286,0.207,0.031,
10,0.014,0.508,0.459,0.022,
11,0.015,0.504,0.376,0.024,
12,0.014,0.511,0.480,0.027,
13,0.014,0.367,0.201,0.031,
14,0.014,0.623,0.562,0.019,
15,0.015,0.610,0.592,0.021,
16,0.015,0.639,0.611,0.035,
17,0.015,0.618,0.559,0.020,
18,0.016,0.622,0.637,0.020,
19,0.014,0.612,0.566,0.036,
20,0.016,0.624,0.609,0.022,
21,0.016,0.628,0.593,0.032,
22,0.015,0.620,0.642,0.031,
23,0.016,0.619,0.622,0.022,
24,0.016,0.622,0.617,0.031,
25,0.015,0.487,0.320,0.019,
26,0.016,0.977,1.429,0.018,
27,0.016,0.981,1.421,0.032,
28,0.015,0.985,1.391,0.025,
29,0.016,0.969,1.325,0.022,
30,0.015,0.969,1.289,0.033,
31,0.015,0.980,1.641,0.021,
32,0.016,0.984,1.573,0.024,
33,0.016,0.987,1.399,0.020,
34,0.016,0.973,1.465,0.020,
35,0.016,0.978,1.419,0.021,
36,0.015,0.978,1.303,0.031,
1,0.017,0.121,0.264,0.013,
2,0.015,0.148,0.182,0.014,
3,0.014,0.168,0.148,0.014,
4,0.013,0.195,0.243,0.018,
5,0.015,0.210,0.208,0.018,
6,0.014,0.357,0.264,0.033,
7,0.015,0.250,0.235,0.021,
8,0.015,0.444,0.327,0.027,
9,0.014,0.286,0.282,0.020,
10,0.016,0.503,0.371,0.027,
11,0.015,0.507,0.450,0.029,
12,0.015,0.509,0.430,0.017,
13,0.015,0.363,0.224,0.037,
14,0.014,0.608,0.584,0.024,
15,0.015,0.611,0.579,0.031,
16,0.016,0.615,0.636,0.033,
17,0.016,0.619,0.675,0.026,
18,0.015,0.626,0.562,0.020,
19,0.016,0.619,0.533,0.029,
20,0.015,0.623,0.567,0.023,
21,0.016,0.621,0.631,0.020,
22,0.016,0.645,0.551,0.022,
23,0.015,0.625,0.571,0.035,
24,0.015,0.624,0.565,0.031,
25,0.015,0.482,0.353,0.031,
26,0.017,0.972,1.464,0.023,
27,0.016,0.983,1.407,0.022,
28,0.016,0.979,1.456,0.023,
29,0.016,0.964,1.425,0.023,
30,0.016,0.965,1.409,0.032,
31,0.016,0.976,1.511,0.029,
32,0.015,0.968,1.479,0.034,
33,0.016,0.989,1.409,0.022,
34,0.015,0.986,1.264,0.032,
35,0.015,0.980,1.426,0.019,
36,0.015,0.986,1.414,0.034,
1,0.015,0.122,0.271,0.013,
2,0.015,0.148,0.180,0.014,
3,0.014,0.169,0.147,0.014,
4,0.013,0.193,0.242,0.020,
5,0.014,0.211,0.220,0.020,
6,0.014,0.361,0.271,0.030,
7,0.014,0.250,0.194,0.034,
8,0.014,0.454,0.318,0.029,
9,0.015,0.287,0.211,0.032,
10,0.015,0.509,0.400,0.038,
11,0.015,0.506,0.494,0.022,
12,0.015,0.514,0.381,0.035,
13,0.016,0.370,0.224,0.025,
14,0.015,0.617,0.528,0.031,
15,0.015,0.617,0.519,0.023,
16,0.017,0.612,0.590,0.026,
17,0.015,0.624,0.600,0.019,
18,0.016,0.609,0.471,0.022,
19,0.015,0.622,0.666,0.021,
20,0.016,0.620,0.630,0.021,
21,0.016,0.616,0.609,0.034,
22,0.015,0.626,0.633,0.034,
23,0.014,0.627,0.529,0.032,
24,0.016,0.626,0.579,0.034,
25,0.015,0.481,0.366,0.029,
26,0.013,0.971,1.283,0.035,
27,0.016,0.987,1.407,0.024,
28,0.015,0.980,1.416,0.022,
29,0.016,0.977,1.469,0.018,
30,0.015,0.975,1.472,0.021,
31,0.015,0.982,1.417,0.034,
32,0.016,0.982,1.373,0.020,
33,0.015,0.992,1.381,0.031,
34,0.016,0.979,1.536,0.022,
35,0.015,0.982,1.470,0.025,
36,0.015,0.968,1.434,0.034,
1,0.015,0.121,0.267,0.012,
2,0.015,0.147,0.284,0.022,
3,0.014,0.175,0.146,0.013,
4,0.014,0.191,0.242,0.021,
5,0.014,0.209,0.199,0.017,
6,0.014,0.358,0.259,0.023,
7,0.013,0.250,0.224,0.019,
8,0.016,0.440,0.323,0.021,
9,0.015,0.296,0.223,0.022,
10,0.014,0.510,0.402,0.032,
11,0.015,0.507,0.388,0.034,
12,0.015,0.507,0.385,0.019,
13,0.016,0.374,0.242,0.019,
14,0.014,0.614,0.565,0.033,
15,0.016,0.616,0.738,0.020,
16,0.015,0.614,0.473,0.034,
17,0.015,0.616,0.649,0.020,
18,0.015,0.616,0.634,0.028,
19,0.014,0.614,0.590,0.040,
20,0.014,0.612,0.583,0.025,
21,0.015,0.615,0.536,0.034,
22,0.016,0.641,0.731,0.033,
23,0.013,0.622,0.686,0.019,
24,0.015,0.614,0.509,0.021,
25,0.015,0.480,0.320,0.019,
26,0.015,0.971,1.404,0.023,
27,0.017,0.972,1.377,0.019,
28,0.015,0.970,1.421,0.021,
29,0.015,0.964,1.389,0.020,
30,0.016,0.967,1.480,0.030,
31,0.018,0.987,1.484,0.022,
32,0.015,1.063,1.552,0.025,
33,0.015,0.989,1.470,0.021,
34,0.016,0.992,1.601,0.032,
35,0.015,0.978,1.470,0.025,
36,0.016,0.977,1.369,0.022,
1,0.015,0.123,0.265,0.012,
2,0.016,0.148,0.182,0.014,
3,0.014,0.168,0.274,0.021,
4,0.013,0.203,0.230,0.018,
5,0.013,0.210,0.207,0.017,
6,0.014,0.358,0.275,0.019,
7,0.014,0.247,0.197,0.034,
8,0.015,0.443,0.300,0.023,
9,0.014,0.291,0.227,0.030,
10,0.016,0.509,0.435,0.027,
11,0.014,0.514,0.381,0.020,
12,0.016,0.507,0.380,0.028,
13,0.015,0.364,0.198,0.036,
14,0.014,0.611,0.597,0.040,
15,0.014,0.616,0.543,0.034,
16,0.015,0.617,0.525,0.020,
17,0.015,0.739,0.611,0.028,
18,0.016,0.619,0.630,0.024,
19,0.016,0.621,0.597,0.024,
20,0.016,0.616,0.632,0.019,
21,0.015,0.624,0.567,0.034,
22,0.014,0.626,0.514,0.032,
23,0.016,0.627,0.611,0.022,
24,0.014,0.618,0.577,0.023,
25,0.015,0.480,0.346,0.031,
26,0.015,0.974,1.615,0.022,
27,0.015,0.976,1.503,0.023,
28,0.016,0.960,1.506,0.024,
29,0.016,0.977,1.325,0.034,
30,0.015,0.981,1.389,0.031,
31,0.015,0.977,1.495,0.032,
32,0.015,0.976,1.498,0.029,
33,0.015,0.975,1.455,0.032,
34,0.015,0.979,1.309,0.023,
35,0.014,0.971,1.378,0.020,
36,0.016,0.982,1.520,0.023,
1,0.015,0.120,0.266,0.012,
2,0.015,0.147,0.179,0.014,
3,0.013,0.173,0.145,0.014,
4,0.013,0.191,0.124,0.014,
5,0.014,0.209,0.112,0.014,
6,0.014,0.359,0.253,0.035,
7,0.014,0.248,0.229,0.026,
8,0.014,0.446,0.372,0.029,
9,0.014,0.290,0.194,0.020,
10,0.015,0.506,0.433,0.022,
11,0.015,0.513,0.419,0.034,
12,0.015,0.512,0.401,0.035,
13,0.015,0.378,0.234,0.024,
14,0.016,0.607,0.609,0.020,
15,0.015,0.605,0.601,0.020,
16,0.016,0.615,0.467,0.022,
17,0.015,0.619,0.608,0.031,
18,0.016,0.616,0.632,0.022,
19,0.016,0.611,0.624,0.019,
20,0.015,0.615,0.521,0.025,
21,0.016,0.620,0.573,0.019,
22,0.015,0.617,0.556,0.033,
23,0.016,0.619,0.647,0.023,
24,0.015,0.620,0.707,0.033,
25,0.013,0.479,0.356,0.020,
26,0.015,0.962,1.477,0.033,
27,0.015,0.977,1.313,0.022,
28,0.015,0.991,1.463,0.037,
29,0.016,0.970,1.432,0.029,
30,0.015,0.974,1.527,0.031,
31,0.015,0.985,1.375,0.022,
32,0.016,0.970,1.505,0.031,
33,0.016,0.987,1.476,0.018,
34,0.016,0.978,1.732,0.029,
35,0.015,0.980,1.381,0.026,
36,0.015,0.989,1.543,0.022,
1,0.015,0.119,0.264,0.012,
2,0.014,0.148,0.180,0.013,
3,0.014,0.168,0.142,0.014,
4,0.013,0.193,0.241,0.020,
5,0.014,0.208,0.205,0.018,
6,0.014,0.359,0.280,0.033,
7,0.015,0.250,0.191,0.018,
8,0.014,0.440,0.323,0.031,
9,0.014,0.292,0.227,0.031,
10,0.015,0.512,0.458,0.020,
11,0.014,0.504,0.386,0.028,
12,0.015,0.512,0.368,0.018,
13,0.015,0.364,0.232,0.039,
14,0.014,0.621,0.612,0.033,
15,0.015,0.612,0.556,0.033,
16,0.015,0.616,0.590,0.019,
17,0.014,0.617,0.620,0.020,
18,0.015,0.606,0.519,0.022,
19,0.016,0.613,0.531,0.030,
20,0.016,0.619,0.572,0.025,
21,0.015,0.613,0.614,0.031,
22,0.016,0.622,0.601,0.033,
23,0.016,0.631,0.551,0.021,
24,0.016,0.622,0.525,0.033,
25,0.016,0.488,0.330,0.021,
26,0.014,0.965,1.431,0.031,
27,0.017,0.971,1.397,0.021,
28,0.015,0.976,1.471,0.032,
29,0.016,0.981,1.599,0.030,
30,0.016,0.969,1.449,0.021,
31,0.015,0.976,1.396,0.036,
32,0.015,0.987,1.431,0.035,
33,0.015,0.974,1.513,0.019,
34,0.016,0.975,1.400,0.034,
35,0.014,0.975,1.547,0.033,
36,0.016,0.990,1.310,0.035,
1,0.015,0.120,0.266,0.013,
2,0.015,0.149,0.180,0.014,
3,0.014,0.169,0.155,0.015,
4,0.014,0.193,0.241,0.021,
5,0.014,0.208,0.206,0.020,
6,0.015,0.358,0.248,0.017,
7,0.015,0.245,0.190,0.039,
8,0.014,0.442,0.339,0.019,
9,0.015,0.286,0.223,0.026,
10,0.016,0.507,0.481,0.025,
11,0.014,0.504,0.366,0.035,
12,0.014,0.516,0.466,0.021,
13,0.015,0.366,0.213,0.019,
14,0.015,0.609,0.538,0.032,
15,0.015,0.618,0.629,0.022,
16,0.016,0.619,0.578,0.022,
17,0.016,0.625,0.517,0.028,
18,0.017,0.623,0.502,0.030,
19,0.016,0.622,0.523,0.032,
20,0.015,0.629,0.634,0.023,
21,0.015,0.616,0.534,0.030,
22,0.015,0.631,0.632,0.021,
23,0.016,0.620,0.597,0.024,
24,0.016,0.626,0.607,0.032,
25,0.016,0.488,0.294,0.019,
26,0.016,0.976,1.444,0.019,
27,0.016,0.979,1.511,0.033,
28,0.015,0.978,1.573,0.030,
29,0.016,0.981,1.477,0.022,
30,0.016,0.963,1.447,0.033,
31,0.015,0.986,1.387,0.031,
32,0.015,0.979,1.576,0.032,
33,0.015,1.004,1.520,0.033,
34,0.016,0.975,1.362,0.036,
35,0.014,0.989,1.542,0.032,
36,0.015,0.991,1.552,0.028,
1,0.016,0.122,0.264,0.013,
2,0.015,0.148,0.306,0.029,
3,0.015,0.179,0.207,0.019,
4,0.014,0.190,0.178,0.015,
5,0.014,0.214,0.125,0.014,
6,0.014,0.356,0.228,0.019,
7,0.014,0.250,0.179,0.020,
8,0.014,0.455,0.292,0.039,
9,0.016,0.291,0.218,0.032,
10,0.014,0.504,0.346,0.018,
11,0.015,0.507,0.355,0.036,
12,0.015,0.512,0.385,0.029,
13,0.015,0.368,0.194,0.019,
14,0.015,0.622,0.505,0.020,
15,0.014,0.610,0.675,0.023,
16,0.015,0.616,0.581,0.019,
17,0.015,0.615,0.510,0.036,
18,0.016,0.621,0.530,0.021,
19,0.017,0.620,0.455,0.017,
20,0.015,0.615,0.606,0.021,
21,0.015,0.625,0.515,0.034,
22,0.014,0.627,0.575,0.022,
23,0.014,0.619,0.596,0.033,
24,0.014,0.623,0.548,0.029,
25,0.015,0.482,0.369,0.025,
26,0.016,0.974,1.439,0.023,
27,0.016,0.967,1.478,0.035,
28,0.015,0.983,1.424,0.021,
29,0.015,0.976,1.594,0.032,
30,0.015,0.978,1.315,0.022,
31,0.015,0.976,1.563,0.020,
32,0.015,0.960,1.339,0.022,
33,0.016,0.985,1.528,0.022,
34,0.016,0.972,1.463,0.032,
35,0.015,0.989,1.417,0.038,
36,0.014,0.993,1.508,0.036,
1,0.016,0.121,0.268,0.013,
2,0.015,0.149,0.285,0.023,
3,0.014,0.173,0.267,0.034,
4,0.014,0.195,0.239,0.030,
5,0.014,0.214,0.212,0.029,
6,0.014,0.366,0.256,0.019,
7,0.014,0.248,0.227,0.020,
8,0.015,0.451,0.322,0.029,
9,0.015,0.288,0.210,0.020,
10,0.015,0.505,0.391,0.019,
11,0.015,0.515,0.432,0.034,
12,0.015,0.519,0.422,0.021,
13,0.015,0.369,0.232,0.023,
14,0.015,0.609,0.526,0.032,
15,0.015,0.614,0.496,0.021,
16,0.015,0.619,0.611,0.033,
17,0.016,0.614,0.688,0.021,
18,0.014,0.614,0.573,0.019,
19,0.015,0.620,0.561,0.023,
20,0.015,0.613,0.639,0.022,
21,0.014,0.613,0.552,0.032,
22,0.015,0.627,0.529,0.033,
23,0.016,0.640,0.636,0.022,
24,0.015,0.626,0.622,0.031,
25,0.015,0.483,0.326,0.019,
26,0.016,0.961,1.396,0.023,
27,0.016,0.975,1.268,0.033,
28,0.015,0.983,1.506,0.035,
29,0.016,0.981,1.540,0.020,
30,0.015,0.962,1.304,0.020,
31,0.017,0.972,1.443,0.032,
32,0.017,0.983,1.225,0.033,
33,0.015,0.968,1.352,0.020,
34,0.016,0.987,1.390,0.032,
35,0.014,0.985,1.461,0.022,
36,0.014,0.992,1.297,0.022,
1,0.015,0.119,0.265,0.012,
2,0.014,0.148,0.284,0.023,
3,0.014,0.172,0.278,0.026,
4,0.015,0.190,0.224,0.021,
5,0.014,0.211,0.219,0.031,
6,0.015,0.360,0.232,0.020,
7,0.016,0.246,0.201,0.027,
8,0.015,0.441,0.290,0.026,
9,0.015,0.300,0.216,0.033,
10,0.016,0.508,0.323,0.029,
11,0.015,0.511,0.461,0.035,
12,0.016,0.514,0.480,0.023,
13,0.014,0.367,0.227,0.031,
14,0.016,0.618,0.675,0.018,
15,0.014,0.614,0.578,0.021,
16,0.016,0.611,0.566,0.019,
17,0.015,0.611,0.582,0.033,
18,0.016,0.624,0.690,0.022,
19,0.014,0.616,0.593,0.027,
20,0.016,0.620,0.436,0.035,
21,0.016,0.629,0.567,0.029,
22,0.015,0.624,0.543,0.029,
23,0.016,0.629,0.584,0.030,
24,0.016,0.633,0.619,0.035,
25,0.014,0.491,0.352,0.021,
26,0.016,0.974,1.351,0.020,
27,0.016,0.977,1.542,0.034,
28,0.015,0.979,1.473,0.026,
29,0.017,0.979,1.680,0.023,
30,0.015,0.980,1.648,0.022,
31,0.015,0.979,1.623,0.030,
32,0.016,0.990,1.364,0.025,
33,0.015,1.008,1.570,0.030,
34,0.015,0.974,1.477,0.043,
35,0.022,1.123,1.668,0.034,
36,0.016,0.989,1.646,0.021,
1,0.017,0.120,0.351,0.023,
2,0.015,0.155,0.275,0.014,
3,0.014,0.171,0.268,0.028,
4,0.017,0.290,0.264,0.037,
5,0.015,0.213,0.217,0.028,
6,0.015,0.369,0.246,0.029,
7,0.015,0.262,0.159,0.017,
8,0.014,0.456,0.250,0.019,
9,0.016,0.292,0.211,0.037,
10,0.016,0.518,0.407,0.033,
11,0.014,0.509,0.407,0.021,
12,0.016,0.509,0.352,0.033,
13,0.016,0.384,0.231,0.031,
14,0.015,0.614,0.602,0.024,
15,0.014,0.609,0.590,0.018,
16,0.016,0.621,0.614,0.024,
17,0.016,0.613,0.549,0.026,
18,0.015,0.626,0.611,0.020,
19,0.016,0.620,0.668,0.020,
20,0.014,0.621,0.621,0.034,
21,0.016,0.626,0.581,0.032,
22,0.015,0.622,0.556,0.020,
23,0.015,0.618,0.620,0.021,
24,0.015,0.623,0.618,0.022,
25,0.016,0.481,0.374,0.030,
26,0.018,0.987,1.416,0.024,
27,0.016,0.973,1.388,0.022,
28,0.017,0.989,1.500,0.024,
29,0.016,0.965,1.515,0.024,
30,0.015,0.970,1.279,0.034,
31,0.015,0.988,1.441,0.028,
32,0.014,0.998,1.424,0.035,
33,0.015,0.992,1.501,0.033,
34,0.016,0.972,1.557,0.037,
35,0.015,0.985,1.414,0.022,
36,0.015,0.979,1.461,0.021,
1,0.015,0.119,0.264,0.013,
2,0.015,0.148,0.188,0.014,
3,0.014,0.173,0.148,0.014,
4,0.014,0.190,0.144,0.015,
5,0.014,0.212,0.123,0.015,
6,0.013,0.360,0.256,0.018,
7,0.014,0.247,0.187,0.018,
8,0.014,0.441,0.233,0.027,
9,0.016,0.293,0.168,0.034,
10,0.014,0.522,0.377,0.028,
11,0.014,0.507,0.391,0.022,
12,0.015,0.504,0.412,0.035,
13,0.016,0.368,0.259,0.028,
14,0.015,0.613,0.569,0.023,
15,0.016,0.635,0.504,0.034,
16,0.015,0.611,0.596,0.028,
17,0.015,0.634,0.542,0.037,
18,0.014,0.618,0.608,0.029,
19,0.016,0.630,0.595,0.016,
20,0.014,0.628,0.559,0.029,
21,0.015,0.629,0.571,0.028,
22,0.016,0.627,0.585,0.024,
23,0.016,0.618,0.686,0.023,
24,0.016,0.625,0.564,0.022,
25,0.016,0.481,0.345,0.019,
26,0.015,0.983,1.509,0.017,
27,0.016,0.964,1.296,0.019,
28,0.015,0.987,1.398,0.021,
29,0.016,0.979,1.405,0.036,
30,0.019,1.001,1.486,0.029,
31,0.016,0.970,1.513,0.030,
32,0.015,0.998,1.475,0.024,
33,0.016,0.997,1.437,0.032,
34,0.016,0.984,1.648,0.038,
35,0.017,1.017,1.328,0.028,
36,0.015,0.988,1.543,0.022,
1,0.014,0.120,0.266,0.012,
2,0.015,0.147,0.192,0.014,
3,0.013,0.173,0.204,0.024,
4,0.015,0.194,0.194,0.018,
5,0.015,0.211,0.162,0.018,
6,0.014,0.358,0.222,0.018,
7,0.014,0.248,0.161,0.019,
8,0.015,0.452,0.324,0.031,
9,0.018,0.289,0.190,0.020,
10,0.015,0.526,0.387,0.029,
11,0.015,0.515,0.359,0.031,
12,0.016,0.534,0.384,0.022,
13,0.015,0.373,0.219,0.019,
14,0.014,0.644,0.484,0.035,
15,0.015,0.624,0.521,0.023,
16,0.015,0.619,0.547,0.019,
17,0.016,0.621,0.594,0.019,
18,0.016,0.611,0.582,0.021,
19,0.015,0.623,0.627,0.033,
20,0.014,0.625,0.590,0.022,
21,0.015,0.618,0.649,0.024,
22,0.016,0.626,0.729,0.028,
23,0.014,0.625,0.721,0.022,
24,0.016,0.619,0.613,0.022,
25,0.016,0.494,0.357,0.024,
26,0.014,0.982,1.715,0.029,
27,0.016,0.982,1.535,0.030,
28,0.015,1.151,1.726,0.036,
29,0.017,0.992,1.607,0.036,
30,0.016,0.994,1.461,0.031,
31,0.015,1.000,1.353,0.037,
32,0.016,1.010,1.573,0.029,
33,0.017,1.020,1.522,0.033,
34,0.015,1.006,1.444,0.033,
35,0.015,1.010,1.568,0.019,
36,0.015,1.006,1.430,0.029,
1,0.016,0.121,0.263,0.012,
2,0.015,0.148,0.231,0.022,
3,0.013,0.173,0.255,0.019,
4,0.015,0.191,0.194,0.015,
5,0.013,0.213,0.158,0.032,
6,0.015,0.371,0.210,0.017,
7,0.015,0.256,0.148,0.017,
8,0.014,0.444,0.255,0.030,
9,0.015,0.293,0.180,0.030,
10,0.015,0.515,0.423,0.029,
11,0.014,0.519,0.425,0.046,
12,0.014,0.518,0.501,0.032,
13,0.014,0.374,0.253,0.020,
14,0.016,0.618,0.558,0.019,
15,0.015,0.616,0.492,0.019,
16,0.014,0.612,0.549,0.026,
17,0.018,0.677,0.626,0.022,
18,0.015,0.616,0.569,0.032,
19,0.017,0.631,0.499,0.033,
20,0.016,0.623,0.553,0.033,
21,0.016,0.624,0.548,0.021,
22,0.015,0.622,0.604,0.019,
23,0.016,0.639,0.536,0.033,
24,0.016,0.624,0.605,0.021,
25,0.015,0.489,0.376,0.022,
26,0.015,0.973,1.433,0.028,
27,0.015,0.999,1.360,0.031,
28,0.016,0.988,1.441,0.021,
29,0.016,0.983,1.543,0.025,
30,0.015,0.977,1.786,0.036,
31,0.017,0.990,1.475,0.022,
32,0.015,0.973,1.504,0.026,
33,0.016,0.993,1.521,0.034,
34,0.015,0.981,1.402,0.020,
35,0.016,0.979,1.431,0.026,
36,0.014,0.982,1.293,0.035,
1,0.014,0.121,0.267,0.013,
2,0.015,0.148,0.180,0.014,
3,0.014,0.169,0.272,0.030,
4,0.014,0.197,0.242,0.028,
5,0.014,0.215,0.216,0.030,
6,0.014,0.361,0.239,0.019,
7,0.015,0.247,0.209,0.019,
8,0.015,0.441,0.370,0.034,
9,0.015,0.298,0.229,0.030,
10,0.014,0.511,0.362,0.023,
11,0.015,0.511,0.447,0.032,
12,0.015,0.513,0.456,0.021,
13,0.016,0.370,0.222,0.018,
14,0.014,0.637,0.569,0.030,
15,0.015,0.612,0.599,0.023,
16,0.015,0.610,0.601,0.034,
17,0.015,0.615,0.512,0.022,
18,0.015,0.628,0.523,0.028,
19,0.016,0.620,0.521,0.031,
20,0.014,0.625,0.598,0.031,
21,0.015,0.624,0.603,0.021,
22,0.016,0.631,0.627,0.034,
23,0.015,0.646,0.670,0.021,
24,0.016,0.633,0.683,0.026,
25,0.016,0.517,0.371,0.023,
26,0.017,0.972,1.412,0.030,
27,0.014,0.978,1.433,0.034,
28,0.014,0.978,1.436,0.030,
29,0.016,0.971,1.387,0.021,
30,0.015,0.961,1.542,0.029,
31,0.016,0.978,1.326,0.023,
32,0.016,0.993,1.292,0.019,
33,0.016,0.983,1.402,0.032,
34,0.016,1.001,1.473,0.022,
35,0.017,0.977,1.372,0.031,
36,0.015,0.984,1.448,0.035,
1,0.015,0.121,0.269,0.012,
2,0.015,0.148,0.190,0.014,
3,0.014,0.168,0.145,0.014,
4,0.014,0.198,0.180,0.024,
5,0.014,0.211,0.235,0.024,
6,0.013,0.361,0.228,0.028,
7,0.015,0.250,0.221,0.021,
8,0.015,0.446,0.342,0.022,
9,0.014,0.286,0.217,0.020,
10,0.015,0.504,0.460,0.020,
11,0.015,0.506,0.460,0.025,
12,0.016,0.506,0.391,0.029,
13,0.016,0.369,0.198,0.034,
14,0.015,0.618,0.559,0.026,
15,0.015,0.611,0.504,0.034,
16,0.015,0.615,0.586,0.020,
17,0.015,0.622,0.590,0.030,
18,0.015,0.624,0.529,0.032,
19,0.016,0.621,0.695,0.021,
20,0.016,0.620,0.600,0.021,
21,0.016,0.614,0.581,0.031,
22,0.015,0.636,0.530,0.018,
23,0.015,0.634,0.714,0.023,
24,0.015,0.628,0.652,0.034,
25,0.017,0.485,0.391,0.029,
26,0.015,0.978,1.450,0.031,
27,0.015,0.986,1.463,0.029,
28,0.016,0.977,1.566,0.033,
29,0.015,0.983,1.665,0.034,
30,0.016,0.971,1.603,0.023,
31,0.016,1.007,1.543,0.033,
32,0.017,0.983,1.489,0.035,
33,0.014,0.986,1.359,0.020,
34,0.015,0.984,1.476,0.038,
35,0.014,0.998,1.339,0.022,
36,0.015,0.976,1.462,0.021,
1,0.016,0.117,0.266,0.013,
2,0.015,0.148,0.181,0.014,
3,0.014,0.169,0.157,0.014,
4,0.014,0.189,0.238,0.021,
5,0.014,0.210,0.257,0.034,
6,0.015,0.358,0.240,0.021,
7,0.014,0.257,0.207,0.031,
8,0.015,0.446,0.320,0.021,
9,0.016,0.288,0.210,0.020,
10,0.014,0.506,0.364,0.019,
11,0.014,0.506,0.356,0.027,
12,0.014,0.521,0.439,0.019,
13,0.015,0.368,0.223,0.020,
14,0.016,0.608,0.512,0.022,
15,0.015,0.618,0.567,0.021,
16,0.016,0.623,0.559,0.020,
17,0.015,0.613,0.553,0.024,
18,0.016,0.615,0.558,0.035,
19,0.015,0.630,0.564,0.029,
20,0.015,0.615,0.685,0.025,
21,0.015,0.611,0.622,0.021,
22,0.015,0.612,0.550,0.021,
23,0.015,0.638,0.610,0.033,
24,0.016,0.627,0.581,0.022,
25,0.016,0.482,0.387,0.035,
26,0.016,0.973,1.426,0.019,
27,0.016,0.982,1.359,0.034,
28,0.015,0.981,1.572,0.023,
29,0.016,0.994,1.343,0.020,
30,0.016,0.996,1.436,0.020,
31,0.016,0.980,1.439,0.033,
32,0.016,0.978,1.465,0.030,
33,0.016,0.977,1.562,0.030,
34,0.015,0.977,1.356,0.022,
35,0.016,1.012,1.467,0.037,
36,0.016,0.986,1.527,0.031,
1,0.015,0.124,0.266,0.012,
2,0.015,0.148,0.181,0.015,
3,0.014,0.174,0.283,0.029,
4,0.014,0.194,0.242,0.021,
5,0.014,0.211,0.214,0.031,
6,0.015,0.363,0.251,0.020,
7,0.014,0.248,0.197,0.032,
8,0.014,0.443,0.401,0.036,
9,0.014,0.287,0.232,0.026,
10,0.014,0.507,0.338,0.019,
11,0.015,0.512,0.399,0.019,
12,0.016,0.510,0.447,0.028,
13,0.015,0.367,0.220,0.034,
14,0.015,0.617,0.451,0.030,
15,0.015,0.622,0.604,0.034,
16,0.015,0.615,0.555,0.028,
17,0.015,0.622,0.625,0.035,
18,0.015,0.619,0.589,0.020,
19,0.016,0.619,0.585,0.036,
20,0.014,0.617,0.602,0.023,
21,0.016,0.623,0.554,0.033,
22,0.015,0.629,0.630,0.032,
23,0.016,0.630,0.537,0.028,
24,0.016,0.621,0.629,0.032,
25,0.016,0.478,0.333,0.020,
26,0.015,0.968,1.372,0.033,
27,0.015,0.978,1.407,0.021,
28,0.015,0.981,1.389,0.019,
29,0.015,0.963,1.557,0.032,
30,0.015,0.985,1.481,0.028,
31,0.015,0.971,1.477,0.022,
32,0.014,0.990,1.247,0.033,
33,0.016,0.985,1.410,0.031,
34,0.016,0.989,1.437,0.026,
35,0.014,0.977,1.337,0.028,
36,0.016,0.988,1.460,0.020,
1,0.015,0.120,0.266,0.012,
2,0.014,0.148,0.181,0.013,
3,0.014,0.168,0.147,0.014,
4,0.014,0.193,0.256,0.023,
5,0.014,0.214,0.226,0.017,
6,0.014,0.359,0.240,0.035,
7,0.014,0.249,0.237,0.032,
8,0.014,0.443,0.387,0.020,
9,0.015,0.283,0.229,0.024,
10,0.015,0.502,0.440,0.020,
11,0.015,0.521,0.468,0.031,
12,0.014,0.511,0.359,0.023,
13,0.014,0.368,0.234,0.035,
14,0.015,0.609,0.602,0.032,
15,0.015,0.613,0.531,0.030,
16,0.016,0.614,0.554,0.031,
17,0.016,0.623,0.432,0.034,
18,0.015,0.616,0.551,0.034,
19,0.016,0.628,0.560,0.019,
20,0.016,0.625,0.504,0.030,
21,0.016,0.621,0.615,0.020,
22,0.015,0.631,0.510,0.022,
23,0.015,0.617,0.520,0.035,
24,0.016,0.629,0.505,0.031,
25,0.015,0.488,0.305,0.019,
26,0.015,0.997,1.173,0.018,
27,0.015,0.957,1.293,0.040,
28,0.016,0.989,1.315,0.033,
29,0.016,0.972,1.315,0.032,
30,0.016,0.994,1.479,0.030,
31,0.016,0.973,1.398,0.022,
32,0.016,0.990,1.492,0.030,
33,0.015,1.003,1.390,0.036,
34,0.014,0.990,1.547,0.024,
35,0.016,0.971,1.512,0.022,
36,0.015,0.974,1.750,0.022,
1,0.016,0.119,0.268,0.013,
2,0.015,0.148,0.284,0.022,
3,0.014,0.180,0.277,0.021,
4,0.014,0.196,0.245,0.029,
5,0.014,0.214,0.208,0.029,
6,0.015,0.363,0.250,0.017,
7,0.014,0.248,0.196,0.017,
8,0.014,0.451,0.288,0.035,
9,0.014,0.285,0.223,0.019,
10,0.014,0.505,0.344,0.022,
11,0.015,0.509,0.320,0.021,
12,0.015,0.511,0.414,0.022,
13,0.016,0.361,0.243,0.035,
14,0.016,0.636,0.564,0.028,
15,0.016,0.613,0.588,0.029,
16,0.015,0.624,0.569,0.027,
17,0.015,0.616,0.560,0.035,
18,0.016,0.621,0.648,0.030,
19,0.016,0.618,0.553,0.029,
20,0.015,0.621,0.501,0.024,
21,0.015,0.619,0.564,0.021,
22,0.015,0.627,0.636,0.028,
23,0.015,0.629,0.632,0.033,
24,0.015,0.630,0.571,0.033,
25,0.015,0.487,0.378,0.021,
26,0.015,0.986,1.444,0.031,
27,0.016,0.985,1.599,0.030,
28,0.016,0.967,1.359,0.021,
29,0.015,0.958,1.412,0.035,
30,0.015,0.983,1.411,0.031,
31,0.015,0.969,1.400,0.033,
32,0.015,0.976,1.454,0.020,
33,0.016,0.985,1.458,0.035,
34,0.014,0.974,1.462,0.023,
35,0.015,0.966,1.447,0.032,
36,0.014,0.971,1.270,0.031,
1,0.016,0.123,0.266,0.012,
2,0.014,0.148,0.180,0.014,
3,0.013,0.168,0.155,0.015,
4,0.014,0.195,0.132,0.014,
5,0.014,0.209,0.220,0.033,
6,0.014,0.361,0.250,0.028,
7,0.015,0.248,0.202,0.020,
8,0.015,0.441,0.341,0.020,
9,0.016,0.284,0.219,0.019,
10,0.015,0.500,0.394,0.022,
11,0.014,0.505,0.374,0.027,
12,0.015,0.514,0.442,0.023,
13,0.014,0.370,0.237,0.021,
14,0.015,0.608,0.492,0.029,
15,0.015,0.615,0.583,0.019,
16,0.015,0.613,0.488,0.032,
17,0.015,0.620,0.529,0.020,
18,0.016,0.625,0.628,0.020,
19,0.015,0.610,0.725,0.041,
20,0.017,1.086,0.601,0.022,
21,0.017,0.756,0.462,0.034,
22,0.015,0.623,0.537,0.032,
23,0.015,0.618,0.679,0.027,
24,0.016,0.631,0.659,0.020,
25,0.015,0.490,0.377,0.033,
26,0.017,0.973,1.570,0.030,
27,0.015,0.992,1.460,0.032,
28,0.016,1.002,1.301,0.019,
29,0.015,0.966,1.396,0.032,
30,0.016,0.973,1.376,0.034,
31,0.016,0.987,1.373,0.034,
32,0.015,0.990,1.464,0.021,
33,0.016,0.975,1.503,0.031,
34,0.015,0.989,1.478,0.030,
35,0.015,0.993,1.464,0.034,
36,0.014,0.988,1.418,0.023,
1,0.016,0.122,0.265,0.013,
2,0.015,0.148,0.180,0.014,
3,0.014,0.169,0.143,0.015,
4,0.014,0.198,0.125,0.014,
5,0.013,0.211,0.214,0.018,
6,0.014,0.362,0.270,0.035,
7,0.014,0.249,0.223,0.026,
8,0.015,0.448,0.322,0.020,
9,0.014,0.284,0.241,0.020,
10,0.015,0.502,0.345,0.019,
11,0.014,0.503,0.395,0.020,
12,0.016,0.505,0.415,0.025,
13,0.016,0.373,0.246,0.032,
14,0.016,0.616,0.519,0.023,
15,0.015,0.616,0.577,0.019,
16,0.014,0.610,0.563,0.020,
17,0.015,0.620,0.496,0.032,
18,0.015,0.621,0.450,0.021,
19,0.015,0.615,0.676,0.023,
20,0.015,0.615,0.603,0.029,
21,0.016,0.617,0.583,0.028,
22,0.015,0.622,0.535,0.023,
23,0.015,0.629,0.612,0.023,
24,0.016,0.623,0.623,0.023,
25,0.014,0.481,0.361,0.028,
26,0.015,0.969,1.408,0.032,
27,0.015,0.969,1.480,0.030,
28,0.016,0.984,1.337,0.031,
29,0.015,0.998,1.433,0.033,
30,0.014,0.975,1.439,0.033,
31,0.014,0.989,1.322,0.030,
32,0.015,0.990,1.433,0.034,
33,0.017,0.984,1.428,0.021,
34,0.015,0.987,1.433,0.033,
35,0.015,0.985,1.610,0.021,
36,0.014,0.986,1.616,0.023,
1,0.015,0.119,0.266,0.013,
2,0.015,0.148,0.282,0.023,
3,0.014,0.174,0.148,0.014,
4,0.014,0.193,0.233,0.018,
5,0.015,0.209,0.208,0.018,
6,0.014,0.357,0.270,0.031,
7,0.015,0.249,0.197,0.018,
8,0.014,0.444,0.317,0.021,
9,0.015,0.285,0.222,0.021,
10,0.014,0.507,0.370,0.027,
11,0.015,0.506,0.434,0.035,
12,0.016,0.512,0.398,0.022,
13,0.016,0.369,0.233,0.020,
14,0.016,0.609,0.621,0.026,
15,0.015,0.612,0.690,0.022,
16,0.014,0.615,0.632,0.032,
17,0.015,0.614,0.518,0.029,
18,0.015,0.619,0.578,0.032,
19,0.015,0.617,0.573,0.036,
20,0.016,0.625,0.576,0.031,
21,0.015,0.619,0.579,0.031,
22,0.015,0.619,0.568,0.033,
23,0.015,0.623,0.597,0.030,
24,0.016,0.626,0.586,0.020,
25,0.015,0.482,0.340,0.037,
26,0.014,0.977,1.487,0.023,
27,0.015,0.978,1.393,0.020,
28,0.016,0.957,1.467,0.022,
29,0.016,0.962,1.482,0.033,
30,0.016,0.981,1.458,0.022,
31,0.015,0.980,1.371,0.021,
32,0.015,0.981,1.507,0.021,
33,0.015,0.969,1.337,0.032,
34,0.015,0.974,1.330,0.035,
35,0.014,0.990,1.511,0.030,
36,0.014,0.983,1.503,0.030,
1,0.016,0.122,0.266,0.013,
2,0.015,0.148,0.282,0.022,
3,0.014,0.175,0.149,0.014,
4,0.014,0.193,0.130,0.014,
5,0.014,0.210,0.120,0.014,
6,0.013,0.357,0.258,0.033,
7,0.015,0.249,0.203,0.023,
8,0.015,0.440,0.331,0.019,
9,0.015,0.286,0.212,0.019,
10,0.015,0.504,0.405,0.028,
11,0.015,0.517,0.467,0.030,
12,0.014,0.511,0.388,0.032,
13,0.015,0.366,0.269,0.031,
14,0.015,0.626,0.591,0.031,
15,0.014,0.611,0.483,0.033,
16,0.015,0.626,0.767,0.023,
17,0.015,0.618,0.579,0.032,
18,0.015,0.617,0.518,0.032,
19,0.015,0.629,0.562,0.022,
20,0.016,0.616,0.558,0.024,
21,0.014,0.610,0.533,0.037,
22,0.015,0.628,0.663,0.024,
23,0.016,0.629,0.592,0.025,
24,0.016,0.635,0.576,0.033,
25,0.015,0.485,0.361,0.019,
26,0.015,0.970,1.441,0.031,
27,0.016,0.978,1.412,0.021,
28,0.016,0.979,1.381,0.024,
29,0.016,0.970,1.393,0.034,
30,0.016,0.981,1.430,0.024,
31,0.016,0.971,1.227,0.024,
32,0.014,0.972,1.430,0.022,
33,0.016,0.991,1.493,0.034,
34,0.016,0.988,1.691,0.032,
35,0.016,0.989,1.605,0.025,
36,0.016,0.976,1.313,0.026,
1,0.015,0.119,0.267,0.012,
2,0.015,0.147,0.180,0.014,
3,0.013,0.169,0.149,0.014,
4,0.013,0.193,0.156,0.014,
5,0.014,0.209,0.220,0.034,
6,0.015,0.359,0.229,0.019,
7,0.015,0.245,0.240,0.028,
8,0.014,0.444,0.385,0.034,
9,0.014,0.294,0.212,0.023,
10,0.015,0.505,0.426,0.021,
11,0.014,0.514,0.381,0.028,
12,0.015,0.513,0.425,0.021,
13,0.015,0.366,0.210,0.018,
14,0.014,0.614,0.588,0.019,
15,0.015,0.612,0.524,0.021,
16,0.015,0.607,0.465,0.020,
17,0.015,0.620,0.500,0.020,
18,0.016,0.614,0.485,0.020,
19,0.016,0.624,0.612,0.031,
20,0.016,0.620,0.559,0.023,
21,0.015,0.611,0.513,0.028,
22,0.016,0.624,0.565,0.021,
23,0.016,0.611,0.556,0.032,
24,0.016,0.631,0.586,0.030,
25,0.014,0.480,0.315,0.018,
26,0.016,0.973,1.461,0.034,
27,0.014,0.996,1.401,0.031,
28,0.017,0.980,1.466,0.034,
29,0.016,0.981,1.404,0.031,
30,0.015,0.976,1.501,0.022,
31,0.015,0.981,1.398,0.020,
32,0.016,0.982,1.503,0.023,
33,0.016,0.967,1.506,0.021,
34,0.016,0.994,1.504,0.031,
35,0.015,0.992,1.287,0.020,
36,0.016,0.972,1.367,0.026,
1,0.015,0.119,0.269,0.013,
2,0.016,0.147,0.181,0.014,
3,0.014,0.168,0.143,0.014,
4,0.013,0.194,0.241,0.020,
5,0.013,0.209,0.230,0.023,
6,0.013,0.357,0.232,0.015,
7,0.014,0.244,0.213,0.019,
8,0.015,0.442,0.289,0.019,
9,0.015,0.288,0.234,0.019,
10,0.016,0.501,0.407,0.037,
11,0.014,0.511,0.406,0.021,
12,0.015,0.504,0.399,0.021,
13,0.014,0.366,0.253,0.036,
14,0.015,0.612,0.620,0.022,
15,0.015,0.620,0.736,0.030,
16,0.015,0.617,0.539,0.021,
17,0.016,0.617,0.615,0.033,
18,0.016,0.617,0.533,0.022,
19,0.016,0.610,0.672,0.023,
20,0.016,0.616,0.618,0.024,
21,0.015,0.632,0.563,0.030,
22,0.015,0.622,0.577,0.032,
23,0.016,0.622,0.627,0.023,
24,0.016,0.615,0.627,0.034,
25,0.014,0.488,0.390,0.019,
26,0.014,0.982,1.440,0.032,
27,0.015,0.979,1.362,0.028,
28,0.017,0.969,1.422,0.023,
29,0.014,0.971,1.504,0.033,
30,0.015,0.981,1.438,0.021,
31,0.017,0.983,1.471,0.031,
32,0.015,0.981,1.568,0.022,
33,0.015,0.981,1.304,0.023,
34,0.015,0.969,1.319,0.017,
35,0.015,0.986,1.447,0.036,
36,0.016,0.972,1.422,0.022,
1,0.016,0.119,0.265,0.012,
2,0.015,0.147,0.181,0.014,
3,0.014,0.169,0.284,0.026,
4,0.014,0.190,0.230,0.018,
5,0.014,0.213,0.222,0.036,
6,0.014,0.363,0.274,0.022,
7,0.014,0.257,0.238,0.039,
8,0.014,0.442,0.309,0.021,
9,0.016,0.285,0.213,0.035,
10,0.015,0.504,0.407,0.020,
11,0.014,0.508,0.456,0.017,
12,0.015,0.505,0.398,0.035,
13,0.015,0.372,0.223,0.034,
14,0.014,0.625,0.580,0.027,
15,0.015,0.618,0.633,0.027,
16,0.016,0.622,0.621,0.028,
17,0.016,0.615,0.602,0.030,
18,0.015,0.623,0.565,0.030,
19,0.016,0.620,0.591,0.033,
20,0.015,0.618,0.707,0.036,
21,0.015,0.620,0.587,0.022,
22,0.015,0.614,0.612,0.035,
23,0.016,0.627,0.509,0.032,
24,0.015,0.625,0.614,0.022,
25,0.015,0.486,0.366,0.021,
26,0.015,0.976,1.338,0.029,
27,0.016,0.977,1.477,0.035,
28,0.016,0.977,1.563,0.023,
29,0.016,0.977,1.344,0.026,
30,0.016,0.972,1.418,0.025,
31,0.015,0.979,1.438,0.032,
32,0.015,0.974,1.680,0.034,
33,0.015,1.002,1.537,0.024,
34,0.016,0.971,1.492,0.021,
35,0.015,0.995,1.564,0.021,
36,0.013,0.971,1.553,0.021,
1,0.017,0.120,0.266,0.012,
2,0.015,0.148,0.283,0.023,
3,0.013,0.178,0.268,0.033,
4,0.014,0.194,0.226,0.017,
5,0.014,0.209,0.211,0.018,
6,0.015,0.358,0.313,0.027,
7,0.014,0.246,0.239,0.029,
8,0.014,0.448,0.337,0.035,
9,0.014,0.288,0.221,0.019,
10,0.014,0.501,0.357,0.019,
11,0.016,0.509,0.423,0.020,
12,0.015,0.506,0.346,0.028,
13,0.015,0.371,0.257,0.023,
14,0.014,0.612,0.551,0.021,
15,0.015,0.613,0.708,0.027,
16,0.016,0.614,0.587,0.031,
17,0.015,0.627,0.598,0.026,
18,0.015,0.613,0.605,0.023,
19,0.015,0.618,0.624,0.022,
20,0.016,0.614,0.660,0.023,
21,0.015,0.632,0.524,0.033,
22,0.017,0.632,0.597,0.035,
23,0.014,0.618,0.561,0.023,
24,0.015,0.619,0.546,0.022,
25,0.015,0.479,0.379,0.026,
26,0.014,0.964,1.327,0.022,
27,0.016,0.956,1.434,0.037,
28,0.015,0.992,1.442,0.033,
29,0.016,0.975,1.492,0.032,
30,0.016,0.988,1.490,0.033,
31,0.016,0.973,1.363,0.035,
32,0.016,0.983,1.457,0.022,
33,0.015,0.981,1.717,0.034,
34,0.014,0.981,1.352,0.021,
35,0.016,0.973,1.301,0.023,
36,0.015,0.976,1.663,0.021,
1,0.016,0.119,0.266,0.012,
2,0.015,0.149,0.285,0.022,
3,0.014,0.176,0.280,0.029,
4,0.014,0.195,0.218,0.018,
5,0.014,0.211,0.225,0.020,
6,0.014,0.357,0.231,0.028,
7,0.014,0.256,0.180,0.030,
8,0.015,0.442,0.262,0.021,
9,0.015,0.288,0.174,0.019,
10,0.015,0.510,0.324,0.021,
11,0.015,0.507,0.377,0.034,
12,0.015,0.518,0.350,0.022,
13,0.016,0.362,0.240,0.027,
14,0.014,0.610,0.585,0.033,
15,0.016,0.620,0.512,0.020,
16,0.015,0.609,0.624,0.028,
17,0.015,0.620,0.588,0.023,
18,0.014,0.618,0.610,0.035,
19,0.014,0.618,0.520,0.031,
20,0.016,0.629,0.597,0.031,
21,0.014,0.636,0.523,0.022,
22,0.016,0.616,0.576,0.020,
23,0.015,0.625,0.676,0.021,
24,0.014,0.629,0.747,0.032,
25,0.016,0.482,0.383,0.032,
26,0.016,0.982,1.845,0.030,
27,0.016,0.983,1.870,0.039,
28,0.019,1.660,1.612,0.034,
29,0.016,0.978,1.629,0.034,
30,0.014,0.975,1.532,0.021,
31,0.016,1.009,1.740,0.033,
32,0.017,0.981,1.751,0.034,
33,0.021,0.976,1.462,0.032,
34,0.014,0.975,1.302,0.033,
35,0.016,1.001,1.334,0.020,
36,0.016,0.979,1.503,0.032,
1,0.017,0.122,0.263,0.013,
2,0.015,0.150,0.283,0.022,
3,0.014,0.183,0.271,0.034,
4,0.014,0.197,0.239,0.033,
5,0.014,0.214,0.185,0.031,
6,0.014,0.358,0.268,0.033,
7,0.014,0.251,0.238,0.027,
8,0.014,0.452,0.397,0.027,
9,0.014,0.293,0.227,0.031,
10,0.015,0.509,0.435,0.029,
11,0.015,0.517,0.442,0.019,
12,0.015,0.520,0.387,0.021,
13,0.016,0.369,0.260,0.022,
14,0.016,0.616,0.495,0.022,
15,0.015,0.611,0.557,0.020,
16,0.015,0.616,0.584,0.024,
17,0.016,0.620,0.565,0.021,
18,0.016,0.615,0.497,0.037,
19,0.016,0.622,0.562,0.021,
20,0.016,0.624,0.625,0.037,
21,0.016,0.623,0.660,0.032,
22,0.015,0.620,0.614,0.018,
23,0.015,0.621,0.620,0.035,
24,0.015,0.628,0.595,0.021,
25,0.016,0.513,0.413,0.024,
26,0.015,0.966,1.325,0.031,
27,0.016,1.016,1.331,0.023,
28,0.016,1.010,1.387,0.031,
29,0.016,0.985,1.501,0.033,
30,0.014,0.971,1.672,0.023,
31,0.015,1.008,1.443,0.025,
32,0.015,0.981,1.465,0.030,
33,0.016,0.979,1.636,0.022,
34,0.016,1.001,2.007,0.034,
35,0.015,0.991,1.876,0.031,
36,0.015,0.999,1.590,0.031,
1,0.015,0.119,0.266,0.013,
2,0.015,0.149,0.230,0.024,
3,0.014,0.177,0.257,0.014,
4,0.014,0.199,0.124,0.014,
5,0.014,0.217,0.136,0.018,
6,0.015,0.360,0.255,0.021,
7,0.014,0.248,0.174,0.033,
8,0.015,0.445,0.380,0.023,
9,0.016,0.297,0.190,0.019,
10,0.015,0.509,0.435,0.020,
11,0.014,0.522,0.397,0.034,
12,0.015,0.512,0.346,0.030,
13,0.015,0.368,0.199,0.021,
14,0.016,0.608,0.548,0.022,
15,0.015,0.610,0.617,0.022,
16,0.015,0.613,0.555,0.033,
17,0.015,0.640,0.586,0.029,
18,0.015,0.614,0.554,0.019,
19,0.015,0.616,0.544,0.031,
20,0.015,0.631,0.508,0.026,
21,0.015,0.622,0.545,0.022,
22,0.016,0.630,0.643,0.024,
23,0.015,0.622,0.681,0.032,
24,0.015,0.627,0.619,0.021,
25,0.015,0.481,0.360,0.040,
26,0.019,1.103,1.401,0.021,
27,0.015,0.980,1.319,0.022,
28,0.016,0.983,1.611,0.021,
29,0.015,0.962,1.543,0.031,
30,0.015,0.981,1.362,0.033,
31,0.016,0.986,1.539,0.032,
32,0.014,1.008,1.396,0.041,
33,0.017,1.005,1.397,0.029,
34,0.014,0.983,1.750,0.031,
35,0.017,1.013,1.545,0.031,
36,0.016,0.998,1.639,0.030,
1,0.017,0.121,0.265,0.012,
2,0.015,0.149,0.201,0.013,
3,0.014,0.177,0.139,0.015,
4,0.014,0.189,0.137,0.014,
5,0.019,0.215,0.110,0.015,
6,0.015,0.358,0.257,0.023,
7,0.015,0.245,0.204,0.025,
8,0.014,0.456,0.272,0.019,
9,0.014,0.290,0.170,0.020,
10,0.015,0.512,0.328,0.020,
11,0.015,0.507,0.362,0.020,
12,0.015,0.506,0.404,0.033,
13,0.015,0.369,0.250,0.022,
14,0.016,0.639,0.545,0.025,
15,0.015,0.630,0.748,0.021,
16,0.017,0.610,0.565,0.033,
17,0.016,0.630,0.568,0.035,
18,0.015,0.633,0.677,0.029,
19,0.015,0.624,0.622,0.021,
20,0.016,0.627,0.561,0.032,
21,0.015,0.623,0.603,0.033,
22,0.014,0.627,0.551,0.021,
23,0.015,0.619,0.626,0.023,
24,0.015,0.631,0.609,0.031,
25,0.016,0.524,0.358,0.022,
26,0.015,1.007,1.562,0.029,
27,0.016,0.986,1.330,0.035,
28,0.016,0.966,1.379,0.026,
29,0.015,0.980,1.472,0.033,
30,0.015,0.987,1.376,0.022,
31,0.015,0.963,1.477,0.032,
32,0.014,1.001,1.332,0.036,
33,0.016,1.004,1.672,0.024,
34,0.019,1.797,1.482,0.026,
35,0.019,1.767,1.541,0.029,
36,0.019,1.822,1.577,0.029,
1,0.020,0.182,0.473,0.017,
2,0.018,0.236,0.283,0.022,
3,0.014,0.177,0.309,0.028,
4,0.014,0.200,0.279,0.022,
5,0.014,0.213,0.224,0.033,
6,0.018,0.639,0.319,0.032,
7,0.014,0.248,0.161,0.019,
8,0.015,0.443,0.234,0.018,
9,0.015,0.288,0.183,0.031,
10,0.015,0.506,0.387,0.027,
11,0.015,0.507,0.338,0.021,
12,0.015,0.510,0.347,0.020,
13,0.015,0.368,0.197,0.021,
14,0.015,0.608,0.482,0.019,
15,0.015,0.612,0.545,0.020,
16,0.016,0.613,0.485,0.039,
17,0.018,0.639,0.634,0.023,
18,0.015,0.625,0.591,0.029,
19,0.014,0.614,0.584,0.018,
20,0.016,0.616,0.454,0.022,
21,0.015,0.612,0.639,0.020,
22,0.015,0.619,0.545,0.021,
23,0.015,0.620,0.510,0.021,
24,0.015,0.630,0.586,0.034,
25,0.015,0.502,0.335,0.019,
26,0.015,0.971,1.485,0.032,
27,0.015,0.983,1.514,0.032,
28,0.015,0.988,1.385,0.026,
29,0.015,0.976,1.672,0.029,
30,0.015,1.007,1.602,0.031,
31,0.016,0.984,1.583,0.019,
32,0.016,0.979,1.605,0.035,
33,0.016,0.983,1.516,0.030,
34,0.015,0.990,1.329,0.022,
35,0.015,0.983,1.373,0.021,
36,0.015,0.985,1.224,0.020,
1,0.016,0.119,0.265,0.013,
2,0.016,0.148,0.180,0.015,
3,0.014,0.168,0.146,0.014,
4,0.014,0.191,0.135,0.014,
5,0.014,0.211,0.115,0.014,
6,0.013,0.356,0.271,0.034,
7,0.016,0.250,0.177,0.018,
8,0.014,0.450,0.389,0.020,
9,0.014,0.295,0.221,0.032,
10,0.015,0.512,0.323,0.034,
11,0.015,0.517,0.404,0.027,
12,0.015,0.509,0.341,0.020,
13,0.015,0.371,0.184,0.020,
14,0.015,0.608,0.410,0.019,
15,0.015,0.605,0.547,0.034,
16,0.016,0.640,0.603,0.022,
17,0.016,0.621,0.540,0.021,
18,0.015,0.627,0.568,0.021,
19,0.016,0.622,0.581,0.020,
20,0.015,0.625,0.520,0.028,
21,0.015,0.626,0.585,0.022,
22,0.015,0.621,0.515,0.019,
23,0.015,0.616,0.512,0.021,
24,0.015,0.615,0.453,0.023,
25,0.016,0.483,0.317,0.021,
26,0.015,0.973,1.393,0.023,
27,0.017,0.971,1.337,0.021,
28,0.015,0.962,1.435,0.021,
29,0.016,0.961,1.476,0.020,
30,0.015,0.980,1.327,0.033,
31,0.016,0.983,1.510,0.020,
32,0.017,0.980,1.437,0.031,
33,0.015,0.974,1.282,0.032,
34,0.016,0.977,1.446,0.026,
35,0.016,0.975,1.466,0.020,
36,0.015,0.975,1.502,0.021,
1,0.016,0.121,0.267,0.013,
2,0.015,0.147,0.180,0.014,
3,0.014,0.168,0.144,0.015,
4,0.014,0.191,0.121,0.014,
5,0.014,0.212,0.207,0.034,
6,0.014,0.360,0.209,0.032,
7,0.015,0.250,0.180,0.033,
8,0.014,0.454,0.328,0.035,
9,0.015,0.295,0.215,0.021,
10,0.016,0.505,0.471,0.022,
11,0.016,0.506,0.403,0.023,
12,0.015,0.505,0.382,0.029,
13,0.015,0.370,0.210,0.021,
14,0.015,0.609,0.528,0.020,
15,0.015,0.612,0.540,0.018,
16,0.015,0.606,0.480,0.022,
17,0.014,0.610,0.618,0.033,
18,0.015,0.615,0.594,0.028,
19,0.015,0.625,0.482,0.019,
20,0.015,0.615,0.614,0.032,
21,0.015,0.623,0.646,0.027,
22,0.014,0.616,0.525,0.028,
23,0.016,0.626,0.560,0.033,
24,0.015,0.623,0.582,0.031,
25,0.016,0.485,0.362,0.031,
26,0.016,0.978,1.474,0.036,
27,0.014,0.978,1.232,0.023,
28,0.015,0.985,1.522,0.031,
29,0.016,0.985,1.342,0.020,
30,0.014,0.979,1.537,0.023,
31,0.015,0.972,1.512,0.039,
32,0.027,1.023,1.495,0.032,
33,0.016,0.989,1.358,0.019,
34,0.015,0.974,1.481,0.034,
35,0.015,0.984,1.880,0.039,
36,0.017,1.011,1.512,0.027,
1,0.018,0.122,0.265,0.014,
2,0.015,0.150,0.252,0.015,
3,0.015,0.182,0.215,0.021,
4,0.015,0.193,0.177,0.023,
5,0.015,0.223,0.179,0.027,
6,0.018,0.396,0.244,0.033,
7,0.015,0.261,0.178,0.022,
8,0.015,0.459,0.432,0.035,
9,0.017,0.303,0.221,0.031,
10,0.015,0.521,0.421,0.019,
11,0.015,0.506,0.401,0.034,
12,0.015,0.517,0.616,0.022,
13,0.015,0.384,0.271,0.023,
14,0.015,0.634,0.614,0.023,
15,0.015,0.627,0.648,0.021,
16,0.016,0.617,0.598,0.038,
17,0.017,0.635,0.714,0.021,
18,0.015,0.610,0.741,0.029,
19,0.015,0.620,0.681,0.031,
20,0.015,0.633,0.556,0.035,
21,0.017,0.639,0.628,0.021,
22,0.016,0.629,0.589,0.033,
23,0.015,0.645,0.621,0.025,
24,0.016,0.622,0.671,0.023,
25,0.015,0.482,0.306,0.020,
26,0.016,0.963,1.652,0.019,
27,0.016,1.001,1.259,0.021,
28,0.015,0.968,1.284,0.020,
29,0.015,0.968,1.510,0.022,
30,0.014,0.998,1.483,0.020,
31,0.015,0.973,1.310,0.022,
32,0.015,0.986,1.908,0.030,
33,0.017,0.978,1.441,0.031,
34,0.021,1.037,1.824,0.031,
35,0.018,0.989,1.638,0.023,
36,0.015,0.974,1.436,0.031,
1,0.016,0.123,0.268,0.012,
2,0.015,0.150,0.182,0.014,
3,0.014,0.169,0.222,0.018,
4,0.014,0.190,0.160,0.017,
5,0.015,0.219,0.160,0.017,
6,0.014,0.370,0.210,0.016,
7,0.014,0.255,0.169,0.033,
8,0.015,0.474,0.312,0.031,
9,0.015,0.290,0.184,0.020,
10,0.015,0.511,0.473,0.032,
11,0.016,0.516,0.384,0.033,
12,0.014,0.512,0.445,0.020,
13,0.015,0.361,0.274,0.030,
14,0.017,0.630,1.419,0.020,
15,0.015,0.629,0.641,0.021,
16,0.015,0.632,0.556,0.021,
17,0.015,0.636,0.692,0.030,
18,0.016,0.640,0.638,0.034,
19,0.015,0.620,0.615,0.030,
20,0.017,0.643,0.551,0.029,
21,0.015,0.620,0.516,0.034,
22,0.016,0.641,0.659,0.028,
23,0.015,0.642,0.660,0.035,
24,0.016,0.639,0.542,0.024,
25,0.016,0.493,0.326,0.021,
26,0.015,0.972,1.682,0.039,
27,0.015,1.037,1.429,0.038,
28,0.018,0.982,1.476,0.030,
29,0.015,0.996,1.445,0.032,
30,0.015,0.998,1.567,0.032,
31,0.016,0.982,1.659,0.023,
32,0.015,1.004,1.651,0.034,
33,0.017,1.031,1.472,0.023,
34,0.015,0.992,1.678,0.036,
35,0.014,1.010,1.565,0.025,
36,0.015,0.982,1.555,0.036,
1,0.015,0.124,0.266,0.012,
2,0.016,0.149,0.181,0.014,
3,0.014,0.169,0.273,0.029,
4,0.014,0.195,0.251,0.028,
5,0.014,0.215,0.217,0.033,
6,0.015,0.365,0.238,0.032,
7,0.015,0.248,0.188,0.020,
8,0.015,0.453,0.358,0.033,
9,0.014,0.285,0.190,0.020,
10,0.015,0.525,0.426,0.032,
11,0.015,0.511,0.373,0.025,
12,0.014,0.515,0.436,0.020,
13,0.015,0.363,0.251,0.038,
14,0.015,0.629,0.579,0.031,
15,0.014,0.620,0.559,0.022,
16,0.015,0.614,0.549,0.019,
17,0.015,0.608,0.544,0.033,
18,0.016,0.616,0.648,0.028,
19,0.019,0.630,0.603,0.021,
20,0.015,0.623,0.595,0.021,
21,0.015,0.611,0.556,0.021,
22,0.016,0.624,0.563,0.033,
23,0.017,0.625,0.704,0.033,
24,0.014,0.628,0.586,0.031,
25,0.015,0.487,0.332,0.028,
26,0.016,0.977,1.450,0.033,
27,0.015,1.005,1.411,0.020,
28,0.016,0.985,1.410,0.023,
29,0.015,0.962,1.371,0.023,
30,0.015,0.981,1.361,0.031,
31,0.016,0.971,1.437,0.022,
32,0.016,0.991,1.453,0.024,
33,0.016,0.979,1.346,0.024,
34,0.016,0.975,1.332,0.020,
35,0.015,0.970,1.472,0.035,
36,0.015,0.977,1.206,0.030,
1,0.015,0.120,0.266,0.012,
2,0.014,0.147,0.180,0.014,
3,0.014,0.168,0.269,0.026,
4,0.014,0.197,0.228,0.032,
5,0.014,0.212,0.207,0.028,
6,0.014,0.361,0.211,0.027,
7,0.013,0.250,0.215,0.021,
8,0.015,0.448,0.293,0.034,
9,0.015,0.290,0.206,0.032,
10,0.014,0.508,0.385,0.033,
11,0.014,0.509,0.350,0.033,
12,0.016,0.514,0.428,0.025,
13,0.016,0.363,0.241,0.022,
14,0.015,0.615,0.579,0.033,
15,0.016,0.627,0.571,0.022,
16,0.015,0.623,0.526,0.023,
17,0.015,0.619,0.584,0.029,
18,0.016,0.624,0.564,0.027,
19,0.016,0.612,0.565,0.021,
20,0.015,0.616,0.623,0.028,
21,0.015,0.621,0.603,0.034,
22,0.014,0.625,0.636,0.034,
23,0.015,0.620,0.513,0.024,
24,0.015,0.627,0.659,0.021,
25,0.015,0.479,0.351,0.022,
26,0.015,0.967,1.319,0.028,
27,0.016,0.994,1.440,0.026,
28,0.016,0.976,1.410,0.019,
29,0.016,0.980,1.265,0.024,
30,0.016,0.962,1.433,0.035,
31,0.017,0.971,1.379,0.018,
32,0.015,0.990,1.393,0.022,
33,0.015,1.013,1.486,0.018,
34,0.014,0.970,1.355,0.036,
35,0.015,0.979,1.454,0.033,
36,0.015,0.990,1.373,0.021,
1,0.015,0.118,0.267,0.013,
2,0.014,0.148,0.183,0.014,
3,0.014,0.167,0.208,0.018,
4,0.014,0.190,0.163,0.029,
5,0.014,0.217,0.196,0.020,
6,0.016,0.358,0.244,0.029,
7,0.015,0.247,0.192,0.020,
8,0.015,0.452,0.295,0.035,
9,0.015,0.287,0.231,0.022,
10,0.015,0.513,0.408,0.024,
11,0.015,0.506,0.340,0.022,
12,0.014,0.518,0.401,0.023,
13,0.014,0.364,0.252,0.033,
14,0.015,0.616,0.483,0.019,
15,0.016,0.612,0.550,0.021,
16,0.015,0.615,0.555,0.030,
17,0.014,0.622,0.557,0.019,
18,0.016,0.619,0.640,0.019,
19,0.016,0.614,0.658,0.023,
20,0.015,0.617,0.489,0.023,
21,0.016,0.623,0.620,0.022,
22,0.016,0.620,0.601,0.023,
23,0.014,0.629,0.530,0.023,
24,0.017,0.622,0.582,0.020,
25,0.015,0.480,0.339,0.035,
26,0.015,0.981,1.371,0.031,
27,0.016,0.987,1.569,0.023,
28,0.016,0.972,1.421,0.033,
29,0.015,0.985,1.501,0.022,
30,0.016,0.968,1.510,0.032,
31,0.016,0.980,1.315,0.035,
32,0.013,0.967,1.321,0.021,
33,0.016,0.987,1.426,0.030,
34,0.015,0.997,1.398,0.032,
35,0.014,0.980,1.396,0.024,
36,0.015,0.979,1.391,0.033,
1,0.014,0.120,0.268,0.012,
2,0.014,0.147,0.181,0.014,
3,0.013,0.168,0.268,0.019,
4,0.015,0.194,0.237,0.028,
5,0.014,0.216,0.210,0.029,
6,0.015,0.363,0.221,0.035,
7,0.014,0.248,0.218,0.022,
8,0.015,0.447,0.343,0.024,
9,0.018,0.289,0.197,0.020,
10,0.015,0.502,0.407,0.031,
11,0.016,0.507,0.364,0.028,
12,0.015,0.506,0.446,0.020,
13,0.015,0.363,0.248,0.034,
14,0.015,0.617,0.543,0.021,
15,0.015,0.619,0.547,0.022,
16,0.015,0.612,0.571,0.019,
17,0.015,0.623,0.523,0.023,
18,0.015,0.617,0.511,0.032,
19,0.015,0.621,0.599,0.030,
20,0.015,0.624,0.508,0.022,
21,0.015,0.615,0.739,0.021,
22,0.014,0.618,0.565,0.032,
23,0.015,0.630,0.605,0.022,
24,0.015,0.624,0.546,0.030,
25,0.015,0.479,0.357,0.033,
26,0.014,0.984,1.280,0.033,
27,0.016,0.974,1.507,0.025,
28,0.016,1.009,1.345,0.022,
29,0.014,0.976,1.447,0.034,
30,0.016,0.983,1.483,0.023,
31,0.015,0.969,1.540,0.033,
32,0.015,0.984,1.322,0.021,
33,0.015,0.970,1.448,0.035,
34,0.015,0.982,1.360,0.030,
35,0.015,0.977,1.461,0.021,
36,0.015,0.980,1.378,0.033,
1,0.016,0.123,0.270,0.013,
2,0.015,0.149,0.256,0.022,
3,0.014,0.173,0.241,0.023,
4,0.014,0.197,0.217,0.033,
5,0.014,0.214,0.209,0.022,
6,0.015,0.364,0.236,0.019,
7,0.015,0.245,0.159,0.020,
8,0.015,0.448,0.329,0.022,
9,0.014,0.303,0.213,0.029,
10,0.015,0.512,0.417,0.020,
11,0.015,0.510,0.325,0.020,
12,0.016,0.508,0.383,0.019,
13,0.014,0.366,0.209,0.022,
14,0.015,0.613,0.614,0.021,
15,0.014,0.612,0.595,0.035,
16,0.018,0.639,0.641,0.030,
17,0.016,0.624,0.686,0.021,
18,0.016,0.608,0.621,0.028,
19,0.015,0.627,0.523,0.034,
20,0.015,0.618,0.570,0.034,
21,0.015,0.626,0.630,0.025,
22,0.015,0.638,0.569,0.030,
23,0.015,0.629,0.546,0.035,
24,0.016,0.636,0.781,0.023,
25,0.015,0.568,0.418,0.031,
26,0.016,0.970,1.752,0.032,
27,0.018,0.994,1.609,0.024,
28,0.016,0.962,1.420,0.022,
29,0.014,0.957,1.440,0.020,
30,0.015,0.985,1.642,0.021,
31,0.017,0.993,1.625,0.022,
32,0.016,0.966,1.388,0.021,
33,0.016,1.021,1.420,0.021,
34,0.016,0.967,1.335,0.023,
35,0.016,0.974,1.528,0.033,
36,0.016,0.999,1.511,0.033,
1,0.016,0.130,0.277,0.013,
2,0.015,0.150,0.181,0.014,
3,0.014,0.170,0.273,0.019,
4,0.015,0.192,0.237,0.021,
5,0.014,0.211,0.210,0.020,
6,0.015,0.360,0.233,0.017,
7,0.015,0.259,0.190,0.037,
8,0.014,0.448,0.412,0.026,
9,0.014,0.287,0.211,0.019,
10,0.015,0.507,0.490,0.036,
11,0.014,0.506,0.433,0.018,
12,0.015,0.505,0.416,0.020,
13,0.015,0.363,0.212,0.035,
14,0.015,0.628,0.503,0.034,
15,0.013,0.630,0.557,0.023,
16,0.015,0.614,0.589,0.034,
17,0.015,0.622,0.627,0.020,
18,0.015,0.617,0.549,0.018,
19,0.014,0.619,0.539,0.035,
20,0.014,0.617,0.621,0.021,
21,0.016,0.614,0.608,0.020,
22,0.015,0.613,0.633,0.019,
23,0.015,0.635,0.613,0.021,
24,0.015,0.618,0.598,0.034,
25,0.015,0.487,0.363,0.033,
26,0.015,0.969,1.420,0.032,
27,0.015,0.978,1.510,0.033,
28,0.015,0.995,1.439,0.031,
29,0.015,0.985,1.454,0.033,
30,0.016,0.973,1.468,0.032,
31,0.016,1.001,1.352,0.024,
32,0.016,0.976,1.470,0.022,
33,0.016,0.993,1.494,0.022,
34,0.015,0.989,1.543,0.032,
35,0.014,0.988,1.609,0.022,
36,0.014,0.968,1.423,0.034,
1,0.015,0.119,0.266,0.012,
2,0.014,0.148,0.281,0.022,
3,0.013,0.172,0.263,0.019,
4,0.014,0.203,0.216,0.026,
5,0.015,0.215,0.217,0.034,
6,0.014,0.361,0.233,0.018,
7,0.014,0.253,0.192,0.034,
8,0.015,0.444,0.302,0.033,
9,0.014,0.295,0.217,0.023,
10,0.015,0.503,0.417,0.034,
11,0.015,0.514,0.399,0.022,
12,0.015,0.508,0.428,0.028,
13,0.015,0.368,0.254,0.030,
14,0.016,0.612,0.529,0.020,
15,0.015,0.607,0.591,0.026,
16,0.015,0.619,0.571,0.021,
17,0.015,0.612,0.598,0.022,
18,0.016,0.615,0.463,0.025,
19,0.013,0.617,0.579,0.020,
20,0.016,0.615,0.561,0.021,
21,0.016,0.617,0.628,0.024,
22,0.016,0.617,0.563,0.024,
23,0.015,0.619,0.586,0.018,
24,0.015,0.620,0.489,0.025,
25,0.015,0.478,0.359,0.035,
26,0.014,0.970,1.508,0.021,
27,0.016,0.984,1.410,0.031,
28,0.015,0.976,1.458,0.031,
29,0.016,0.972,1.351,0.033,
30,0.014,0.977,1.455,0.034,
31,0.015,0.985,1.491,0.030,
32,0.016,0.987,1.478,0.034,
33,0.014,0.993,1.680,0.019,
34,0.015,0.983,1.474,0.020,
35,0.016,0.976,1.513,0.023,
36,0.014,0.983,1.484,0.031,
1,0.015,0.123,0.267,0.013,
2,0.015,0.148,0.286,0.023,
3,0.014,0.175,0.270,0.029,
4,0.014,0.195,0.232,0.020,
5,0.014,0.211,0.198,0.020,
6,0.015,0.362,0.218,0.030,
7,0.015,0.248,0.202,0.034,
8,0.015,0.442,0.305,0.022,
9,0.014,0.286,0.204,0.017,
10,0.014,0.507,0.343,0.031,
11,0.014,0.514,0.405,0.029,
12,0.015,0.513,0.342,0.021,
13,0.014,0.368,0.242,0.020,
14,0.015,0.617,0.548,0.030,
15,0.014,0.610,0.506,0.019,
16,0.015,0.620,0.499,0.023,
17,0.016,0.614,0.523,0.029,
18,0.015,0.624,0.503,0.031,
19,0.015,0.623,0.568,0.021,
20,0.015,0.619,0.560,0.024,
21,0.016,0.611,0.569,0.033,
22,0.016,0.621,0.559,0.023,
23,0.015,0.623,0.566,0.019,
24,0.016,0.618,0.607,0.019,
25,0.016,0.478,0.314,0.035,
26,0.015,0.982,1.475,0.032,
27,0.014,0.984,1.413,0.037,
28,0.015,0.976,1.337,0.023,
29,0.015,0.969,1.348,0.034,
30,0.015,0.975,1.372,0.033,
31,0.016,0.975,1.551,0.037,
32,0.015,0.985,1.343,0.033,
33,0.016,0.977,1.446,0.036,
34,0.014,0.982,1.454,0.032,
35,0.015,0.980,1.364,0.021,
36,0.016,0.973,1.224,0.021,
1,0.016,0.119,0.262,0.013,
2,0.015,0.148,0.282,0.023,
3,0.014,0.176,0.270,0.018,
4,0.014,0.202,0.245,0.023,
5,0.014,0.211,0.219,0.029,
6,0.015,0.364,0.231,0.030,
7,0.015,0.250,0.204,0.031,
8,0.016,0.443,0.283,0.031,
9,0.014,0.287,0.221,0.031,
10,0.015,0.509,0.431,0.031,
11,0.014,0.518,0.465,0.033,
12,0.015,0.511,0.470,0.018,
13,0.015,0.366,0.252,0.035,
14,0.015,0.612,0.610,0.042,
15,0.014,0.615,0.618,0.032,
16,0.016,0.621,0.583,0.023,
17,0.014,0.608,0.479,0.028,
18,0.015,0.625,0.662,0.028,
19,0.016,0.620,0.571,0.019,
20,0.016,0.625,0.504,0.022,
21,0.015,0.623,0.518,0.022,
22,0.015,0.615,0.633,0.022,
23,0.015,0.616,0.596,0.030,
24,0.016,0.626,0.647,0.033,
25,0.015,0.485,0.395,0.031,
26,0.015,0.976,1.397,0.020,
27,0.015,0.958,1.422,0.032,
28,0.017,0.978,1.436,0.032,
29,0.015,0.979,1.423,0.029,
30,0.015,0.984,1.309,0.022,
31,0.016,0.977,1.361,0.036,
32,0.015,0.986,1.268,0.025,
33,0.016,0.973,1.426,0.029,
34,0.016,0.983,1.357,0.022,
35,0.016,0.989,1.447,0.037,
36,0.014,0.976,1.501,0.022,
1,0.015,0.118,0.268,0.013,
2,0.015,0.148,0.286,0.023,
3,0.014,0.174,0.143,0.014,
4,0.014,0.191,0.243,0.017,
5,0.014,0.214,0.207,0.018,
6,0.014,0.360,0.215,0.032,
7,0.015,0.252,0.218,0.018,
8,0.014,0.443,0.351,0.026,
9,0.014,0.290,0.208,0.034,
10,0.015,0.511,0.431,0.032,
11,0.016,0.508,0.418,0.022,
12,0.015,0.510,0.402,0.031,
13,0.016,0.365,0.246,0.020,
14,0.015,0.615,0.569,0.029,
15,0.015,0.617,0.540,0.018,
16,0.015,0.618,0.483,0.031,
17,0.015,0.623,0.577,0.020,
18,0.015,0.614,0.481,0.023,
19,0.016,0.613,0.551,0.033,
20,0.015,0.623,0.515,0.034,
21,0.015,0.623,0.482,0.034,
22,0.015,0.618,0.525,0.027,
23,0.015,0.619,0.617,0.021,
24,0.016,0.629,0.623,0.025,
25,0.016,0.486,0.377,0.022,
26,0.015,0.966,1.618,0.023,
27,0.015,0.975,1.385,0.021,
28,0.016,0.957,1.511,0.024,
29,0.016,0.963,1.219,0.022,
30,0.014,0.965,1.475,0.031,
31,0.016,0.974,1.470,0.031,
32,0.016,0.987,1.268,0.022,
33,0.015,0.975,1.304,0.021,
34,0.016,0.967,1.611,0.023,
35,0.014,0.977,1.352,0.022,
36,0.017,0.979,1.175,0.024,
1,0.016,0.121,0.268,0.013,
2,0.015,0.147,0.179,0.014,
3,0.014,0.169,0.146,0.013,
4,0.014,0.194,0.239,0.020,
5,0.014,0.211,0.211,0.017,
6,0.014,0.356,0.223,0.020,
7,0.014,0.247,0.189,0.020,
8,0.014,0.442,0.355,0.024,
9,0.014,0.294,0.213,0.019,
10,0.015,0.503,0.417,0.032,
11,0.017,0.514,0.419,0.028,
12,0.015,0.507,0.387,0.018,
13,0.014,0.362,0.249,0.037,
14,0.015,0.622,0.606,0.032,
15,0.014,0.623,0.541,0.020,
16,0.015,0.610,0.623,0.020,
17,0.015,0.619,0.632,0.021,
18,0.015,0.632,0.574,0.020,
19,0.015,0.609,0.546,0.023,
20,0.017,0.620,0.606,0.034,
21,0.017,0.633,0.590,0.034,
22,0.013,0.620,0.508,0.032,
23,0.016,0.625,0.554,0.032,
24,0.017,0.627,0.642,0.037,
25,0.015,0.491,0.393,0.029,
26,0.015,0.972,1.484,0.030,
27,0.015,0.985,1.359,0.022,
28,0.016,0.961,1.523,0.021,
29,0.015,0.982,1.419,0.035,
30,0.015,0.983,1.539,0.023,
31,0.016,0.976,1.436,0.023,
32,0.016,0.968,1.348,0.023,
33,0.015,0.987,1.354,0.021,
34,0.016,0.972,1.347,0.020,
35,0.015,0.967,1.311,0.035,
36,0.015,0.977,1.544,0.023,
1,0.016,0.119,0.263,0.012,
2,0.015,0.147,0.181,0.014,
3,0.014,0.169,0.143,0.014,
4,0.014,0.188,0.126,0.015,
5,0.014,0.214,0.225,0.018,
6,0.015,0.354,0.248,0.032,
7,0.015,0.249,0.213,0.032,
8,0.015,0.444,0.312,0.023,
9,0.014,0.285,0.220,0.021,
10,0.014,0.515,0.413,0.032,
11,0.014,0.513,0.414,0.031,
12,0.015,0.519,0.400,0.023,
13,0.015,0.382,0.231,0.020,
14,0.015,0.612,0.497,0.031,
15,0.016,0.610,0.568,0.018,
16,0.015,0.610,0.596,0.022,
17,0.015,0.608,0.535,0.019,
18,0.014,0.614,0.620,0.018,
19,0.015,0.622,0.464,0.023,
20,0.016,0.618,0.532,0.021,
21,0.014,0.611,0.527,0.025,
22,0.016,0.621,0.514,0.032,
23,0.016,0.627,0.600,0.019,
24,0.015,0.614,0.606,0.024,
25,0.016,0.482,0.347,0.031,
26,0.015,0.978,1.430,0.029,
27,0.017,1.011,1.436,0.031,
28,0.015,0.976,1.512,0.031,
29,0.016,0.993,1.444,0.021,
30,0.015,0.972,1.482,0.028,
31,0.016,0.976,1.423,0.035,
32,0.016,0.972,1.528,0.022,
33,0.015,0.993,1.352,0.021,
34,0.014,0.994,1.397,0.031,
35,0.016,0.975,1.442,0.021,
36,0.016,0.968,1.336,0.019,
1,0.016,0.121,0.264,0.012,
2,0.025,0.148,0.184,0.014,
3,0.014,0.169,0.150,0.013,
4,0.013,0.191,0.156,0.015,
5,0.014,0.213,0.215,0.031,
6,0.014,0.357,0.229,0.017,
7,0.014,0.248,0.203,0.017,
8,0.013,0.439,0.300,0.030,
9,0.014,0.293,0.201,0.018,
10,0.014,0.510,0.391,0.036,
11,0.014,0.506,0.408,0.020,
12,0.014,0.507,0.410,0.031,
13,0.015,0.365,0.238,0.031,
14,0.015,0.618,0.547,0.037,
15,0.014,0.622,0.597,0.021,
16,0.015,0.614,0.652,0.035,
17,0.016,0.617,0.702,0.033,
18,0.016,0.615,0.519,0.021,
19,0.016,0.623,0.476,0.032,
20,0.014,0.616,0.581,0.021,
21,0.016,0.624,0.653,0.023,
22,0.014,0.614,0.629,0.034,
23,0.015,0.621,0.651,0.034,
24,0.015,0.623,0.647,0.028,
25,0.016,0.489,0.294,0.018,
26,0.015,0.969,1.311,0.035,
27,0.015,0.978,1.509,0.025,
28,0.016,0.974,1.528,0.032,
29,0.018,0.982,1.534,0.024,
30,0.016,0.991,1.588,0.032,
31,0.015,0.986,1.553,0.034,
32,0.018,0.995,1.497,0.024,
33,0.016,0.991,1.366,0.023,
34,0.017,1.001,1.474,0.035,
35,0.018,0.992,1.350,0.022,
36,0.015,0.991,1.467,0.037,
1,0.015,0.124,0.266,0.013,
2,0.015,0.149,0.181,0.014,
3,0.014,0.169,0.281,0.020,
4,0.014,0.194,0.239,0.027,
5,0.014,0.218,0.193,0.017,
6,0.014,0.360,0.223,0.017,
7,0.015,0.246,0.204,0.020,
8,0.015,0.446,0.304,0.036,
9,0.014,0.298,0.208,0.030,
10,0.014,0.511,0.375,0.032,
11,0.016,0.515,0.381,0.031,
12,0.016,0.511,0.437,0.033,
13,0.015,0.368,0.275,0.029,
14,0.015,0.616,0.613,0.023,
15,0.015,0.612,0.646,0.033,
16,0.016,0.632,0.506,0.023,
17,0.016,0.632,0.548,0.025,
18,0.015,0.622,0.645,0.021,
19,0.014,0.629,0.579,0.020,
20,0.016,0.622,0.616,0.020,
21,0.016,0.615,0.678,0.033,
22,0.015,0.631,0.529,0.032,
23,0.016,0.621,0.566,0.022,
24,0.016,0.617,0.612,0.021,
25,0.015,0.490,0.339,0.021,
26,0.017,0.961,1.521,0.033,
27,0.015,0.994,1.454,0.028,
28,0.015,1.010,1.441,0.034,
29,0.016,0.987,1.365,0.020,
30,0.016,0.978,1.303,0.033,
31,0.016,0.986,1.364,0.032,
32,0.014,1.011,1.415,0.037,
33,0.015,0.979,1.408,0.023,
34,0.016,0.993,1.466,0.037,
35,0.015,0.994,1.386,0.021,
36,0.015,0.964,1.492,0.033,
1,0.015,0.121,0.270,0.012,
2,0.015,0.149,0.181,0.014,
3,0.014,0.169,0.152,0.014,
4,0.014,0.196,0.152,0.015,
5,0.014,0.210,0.210,0.034,
6,0.014,0.359,0.251,0.026,
7,0.015,0.248,0.165,0.021,
8,0.015,0.452,0.291,0.018,
9,0.013,0.285,0.193,0.035,
10,0.015,0.519,0.406,0.028,
11,0.015,0.508,0.354,0.032,
12,0.015,0.512,0.468,0.020,
13,0.015,0.369,0.248,0.030,
14,0.015,0.616,0.437,0.036,
15,0.015,0.616,0.560,0.022,
16,0.016,0.611,0.622,0.030,
17,0.015,0.620,0.578,0.036,
18,0.015,0.624,0.651,0.032,
19,0.016,0.625,0.618,0.020,
20,0.016,0.617,0.514,0.021,
21,0.016,0.613,0.636,0.034,
22,0.015,0.631,0.657,0.022,
23,0.016,0.617,0.508,0.028,
24,0.016,0.617,0.600,0.023,
25,0.016,0.488,0.343,0.021,
26,0.015,0.971,1.425,0.034,
27,0.016,0.985,1.374,0.019,
28,0.015,0.984,1.524,0.023,
29,0.016,0.997,1.804,0.032,
30,0.016,0.982,1.790,0.034,
31,0.014,0.999,1.398,0.028,
32,0.015,0.990,1.459,0.020,
33,0.015,0.974,1.441,0.022,
34,0.014,0.971,1.375,0.021,
35,0.015,0.987,1.320,0.033,
36,0.016,1.194,1.520,0.020,
1,0.017,0.120,0.266,0.013,
2,0.015,0.148,0.181,0.013,
3,0.014,0.169,0.148,0.015,
4,0.014,0.193,0.272,0.018,
5,0.016,0.220,0.219,0.018,
6,0.014,0.361,0.229,0.019,
7,0.015,0.253,0.187,0.019,
8,0.015,0.449,0.319,0.031,
9,0.015,0.287,0.229,0.021,
10,0.014,0.505,0.458,0.035,
11,0.014,0.511,0.340,0.021,
12,0.016,0.505,0.386,0.031,
13,0.015,0.367,0.263,0.034,
14,0.015,0.615,0.524,0.033,
15,0.015,0.619,0.543,0.031,
16,0.016,0.620,0.569,0.030,
17,0.014,0.620,0.613,0.019,
18,0.016,0.610,0.534,0.037,
19,0.015,0.618,0.607,0.033,
20,0.017,0.626,0.586,0.023,
21,0.015,0.621,0.511,0.032,
22,0.015,0.627,0.632,0.037,
23,0.015,0.619,0.522,0.022,
24,0.015,0.626,0.612,0.023,
25,0.015,0.490,0.343,0.023,
26,0.014,0.966,1.198,0.020,
27,0.016,0.981,1.409,0.033,
28,0.016,0.984,1.406,0.022,
29,0.016,0.984,1.490,0.022,
30,0.015,0.987,1.541,0.032,
31,0.016,0.976,1.458,0.021,
32,0.015,0.985,1.376,0.033,
33,0.016,0.997,1.474,0.022,
34,0.015,0.999,1.458,0.023,
35,0.015,0.979,1.460,0.025,
36,0.015,0.973,1.464,0.023,
1,0.014,0.120,0.266,0.012,
2,0.014,0.148,0.181,0.014,
3,0.014,0.168,0.152,0.014,
4,0.013,0.192,0.241,0.032,
5,0.015,0.213,0.211,0.031,
6,0.014,0.356,0.270,0.033,
7,0.015,0.251,0.210,0.034,
8,0.015,0.460,0.251,0.018,
9,0.014,0.287,0.219,0.023,
10,0.014,0.505,0.388,0.032,
11,0.015,0.512,0.455,0.020,
12,0.015,0.504,0.427,0.021,
13,0.015,0.367,0.257,0.034,
14,0.015,0.627,0.615,0.021,
15,0.015,0.618,0.564,0.029,
16,0.015,0.617,0.590,0.034,
17,0.015,0.613,0.516,0.022,
18,0.015,0.614,0.543,0.022,
19,0.015,0.641,0.596,0.035,
20,0.016,0.618,0.594,0.031,
21,0.014,0.624,0.546,0.034,
22,0.016,0.629,0.491,0.020,
23,0.016,0.619,0.589,0.020,
24,0.015,0.621,0.578,0.035,
25,0.014,0.488,0.370,0.023,
26,0.015,0.971,1.374,0.026,
27,0.015,0.975,1.415,0.024,
28,0.015,1.004,1.396,0.025,
29,0.015,0.967,1.366,0.032,
30,0.016,0.971,1.414,0.034,
31,0.016,0.972,1.576,0.020,
32,0.016,0.971,1.328,0.032,
33,0.015,0.981,1.489,0.018,
34,0.015,0.985,1.423,0.032,
35,0.016,0.985,1.349,0.031,
36,0.015,0.975,1.386,0.031,
1,0.016,0.121,0.268,0.012,
2,0.015,0.148,0.280,0.022,
3,0.014,0.175,0.145,0.015,
4,0.014,0.196,0.308,0.032,
5,0.014,0.212,0.202,0.028,
6,0.014,0.363,0.287,0.032,
7,0.014,0.251,0.210,0.030,
8,0.015,0.444,0.309,0.032,
9,0.014,0.287,0.239,0.036,
10,0.014,0.507,0.377,0.034,
11,0.015,0.512,0.410,0.027,
12,0.015,0.512,0.448,0.034,
13,0.014,0.365,0.250,0.029,
14,0.016,0.618,0.520,0.020,
15,0.015,0.622,0.560,0.022,
16,0.015,0.610,0.574,0.029,
17,0.015,0.619,0.590,0.029,
18,0.016,0.624,0.534,0.031,
19,0.016,0.620,0.524,0.030,
20,0.016,0.624,0.611,0.021,
21,0.015,0.617,0.555,0.038,
22,0.015,0.624,0.720,0.037,
23,0.013,0.618,0.541,0.023,
24,0.014,0.625,0.623,0.021,
25,0.015,0.485,0.359,0.022,
26,0.015,0.966,1.323,0.020,
27,0.016,0.988,1.396,0.022,
28,0.015,0.962,1.328,0.025,
29,0.016,0.966,1.473,0.035,
30,0.015,0.978,1.544,0.019,
31,0.015,0.981,1.235,0.023,
32,0.016,0.979,1.469,0.029,
33,0.016,0.987,1.436,0.035,
34,0.016,0.971,1.496,0.020,
35,0.016,0.977,1.519,0.024,
36,0.016,0.977,1.470,0.020,
1,0.016,0.119,0.264,0.012,
2,0.015,0.148,0.281,0.023,
3,0.014,0.184,0.275,0.027,
4,0.014,0.195,0.228,0.021,
5,0.014,0.213,0.198,0.017,
6,0.014,0.358,0.218,0.015,
7,0.014,0.245,0.219,0.019,
8,0.017,0.445,0.298,0.028,
9,0.015,0.288,0.210,0.034,
10,0.015,0.504,0.439,0.020,
11,0.015,0.509,0.450,0.019,
12,0.014,0.505,0.378,0.037,
13,0.014,0.367,0.258,0.021,
14,0.014,0.609,0.558,0.021,
15,0.016,0.610,0.608,0.033,
16,0.016,0.616,0.485,0.036,
17,0.014,0.616,0.590,0.024,
18,0.016,0.611,0.578,0.038,
19,0.015,0.622,0.579,0.026,
20,0.015,0.623,0.637,0.029,
21,0.015,0.618,0.600,0.032,
22,0.016,0.624,0.670,0.034,
23,0.017,0.626,0.575,0.022,
24,0.016,0.629,0.631,0.031,
25,0.015,0.486,0.301,0.021,
26,0.016,0.972,1.383,0.028,
27,0.015,0.975,1.341,0.031,
28,0.015,0.979,1.488,0.032,
29,0.016,0.976,1.356,0.032,
30,0.015,0.980,1.500,0.021,
31,0.017,0.976,1.396,0.022,
32,0.014,0.969,1.445,0.031,
33,0.016,1.003,1.678,0.035,
34,0.016,0.982,1.315,0.030,
35,0.014,0.989,1.396,0.021,
36,0.015,0.978,1.344,0.035,
1,0.015,0.120,0.265,0.013,
2,0.015,0.148,0.291,0.023,
3,0.014,0.173,0.147,0.014,
4,0.014,0.204,0.271,0.018,
5,0.014,0.209,0.218,0.035,
6,0.014,0.366,0.275,0.017,
7,0.015,0.246,0.218,0.018,
8,0.014,0.454,0.274,0.034,
9,0.014,0.284,0.231,0.024,
10,0.014,0.505,0.460,0.026,
11,0.014,0.506,0.388,0.033,
12,0.015,0.510,0.435,0.034,
13,0.014,0.379,0.236,0.033,
14,0.016,0.614,0.508,0.032,
15,0.015,0.616,0.506,0.030,
16,0.016,0.619,0.585,0.019,
17,0.016,0.618,0.659,0.020,
18,0.015,0.610,0.600,0.035,
19,0.016,0.616,0.599,0.020,
20,0.016,0.613,0.589,0.032,
21,0.016,0.616,0.558,0.032,
22,0.015,0.629,0.609,0.024,
23,0.016,0.629,0.615,0.026,
24,0.015,0.627,0.742,0.033,
25,0.017,0.486,0.393,0.023,
26,0.014,0.967,1.414,0.031,
27,0.016,1.012,1.421,0.028,
28,0.015,0.970,1.434,0.031,
29,0.015,0.988,1.491,0.035,
30,0.014,0.974,1.397,0.031,
31,0.015,0.991,1.364,0.021,
32,0.016,0.984,1.218,0.034,
33,0.016,0.975,1.425,0.031,
34,0.015,0.985,1.583,0.023,
35,0.015,0.988,1.491,0.022,
36,0.017,0.971,1.452,0.033,
1,0.015,0.120,0.268,0.012,
2,0.015,0.148,0.283,0.023,
3,0.013,0.178,0.269,0.026,
4,0.014,0.194,0.230,0.027,
5,0.015,0.215,0.213,0.035,
6,0.014,0.362,0.233,0.017,
7,0.014,0.247,0.217,0.023,
8,0.015,0.449,0.316,0.035,
9,0.015,0.291,0.225,0.022,
10,0.015,0.505,0.377,0.033,
11,0.014,0.512,0.406,0.020,
12,0.015,0.510,0.418,0.019,
13,0.015,0.365,0.239,0.020,
14,0.015,0.615,0.520,0.021,
15,0.014,0.609,0.617,0.021,
16,0.015,0.622,0.656,0.031,
17,0.016,0.620,0.501,0.020,
18,0.015,0.616,0.565,0.032,
19,0.015,0.625,0.565,0.022,
20,0.016,0.615,0.620,0.022,
21,0.016,0.625,0.612,0.033,
22,0.016,0.628,0.602,0.031,
23,0.015,0.620,0.616,0.029,
24,0.015,0.631,0.670,0.022,
25,0.015,0.485,0.344,0.022,
26,0.016,0.975,1.535,0.019,
27,0.016,0.973,1.390,0.021,
28,0.015,0.966,1.386,0.032,
29,0.015,0.987,1.590,0.023,
30,0.014,0.993,1.562,0.034,
31,0.015,0.979,1.529,0.021,
32,0.016,0.965,1.433,0.034,
33,0.015,0.984,1.508,0.034,
34,0.016,0.998,1.463,0.022,
35,0.015,0.975,1.476,0.020,
36,0.015,0.970,1.470,0.021,
1,0.015,0.120,0.266,0.013,
2,0.015,0.149,0.181,0.014,
3,0.014,0.197,0.146,0.014,
4,0.014,0.197,0.245,0.020,
5,0.014,0.210,0.213,0.017,
6,0.015,0.358,0.239,0.020,
7,0.015,0.244,0.192,0.017,
8,0.014,0.437,0.293,0.021,
9,0.015,0.283,0.228,0.018,
10,0.015,0.504,0.412,0.033,
11,0.014,0.505,0.328,0.032,
12,0.016,0.516,0.433,0.019,
13,0.016,0.364,0.238,0.035,
14,0.014,0.617,0.525,0.031,
15,0.015,0.621,0.629,0.021,
16,0.015,0.626,0.480,0.022,
17,0.015,0.618,0.664,0.027,
18,0.015,0.622,0.577,0.020,
19,0.015,0.615,0.512,0.020,
20,0.017,0.610,0.590,0.020,
21,0.016,0.618,0.634,0.023,
22,0.014,0.617,0.583,0.022,
23,0.016,0.619,0.610,0.035,
24,0.015,0.623,0.595,0.023,
25,0.015,0.481,0.344,0.022,
26,0.016,0.974,1.363,0.036,
27,0.015,0.987,1.514,0.034,
28,0.016,0.972,1.428,0.023,
29,0.016,0.977,1.337,0.031,
30,0.017,0.974,1.320,0.025,
31,0.015,0.972,1.352,0.035,
32,0.015,0.985,1.305,0.032,
33,0.016,0.979,1.341,0.021,
34,0.016,0.972,1.304,0.021,
35,0.015,0.984,1.432,0.021,
36,0.015,0.967,1.502,0.024,
1,0.015,0.118,0.268,0.014,
2,0.016,0.148,0.302,0.021,
3,0.014,0.169,0.228,0.025,
4,0.014,0.198,0.265,0.017,
5,0.014,0.212,0.202,0.020,
6,0.015,0.359,0.228,0.033,
7,0.015,0.249,0.226,0.032,
8,0.015,0.443,0.323,0.017,
9,0.014,0.288,0.209,0.041,
10,0.014,0.507,0.360,0.021,
11,0.015,0.507,0.417,0.023,
12,0.014,0.507,0.399,0.033,
13,0.015,0.371,0.233,0.022,
14,0.016,0.614,0.613,0.032,
15,0.016,0.614,0.643,0.023,
16,0.016,0.610,0.605,0.034,
17,0.014,0.620,0.584,0.019,
18,0.016,0.609,0.572,0.020,
19,0.015,0.613,0.523,0.032,
20,0.016,0.620,0.540,0.037,
21,0.015,0.622,0.678,0.031,
22,0.015,0.631,0.564,0.033,
23,0.015,0.631,0.607,0.030,
24,0.015,0.627,0.581,0.022,
25,0.015,0.498,0.370,0.021,
26,0.016,0.979,1.429,0.020,
27,0.016,0.990,1.403,0.022,
28,0.015,0.979,1.455,0.020,
29,0.016,0.975,1.279,0.022,
30,0.016,0.978,1.563,0.022,
31,0.016,0.966,1.355,0.033,
32,0.016,0.990,1.401,0.019,
33,0.016,0.987,1.389,0.020,
34,0.015,0.984,1.419,0.031,
35,0.015,0.976,1.492,0.029,
36,0.014,0.976,1.350,0.033,
1,0.016,0.123,0.265,0.012,
2,0.015,0.149,0.181,0.014,
3,0.014,0.169,0.270,0.031,
4,0.014,0.194,0.244,0.028,
5,0.014,0.214,0.212,0.017,
6,0.014,0.360,0.223,0.017,
7,0.014,0.248,0.204,0.033,
8,0.015,0.462,0.297,0.021,
9,0.015,0.285,0.218,0.030,
10,0.014,0.503,0.466,0.030,
11,0.016,0.513,0.437,0.030,
12,0.014,0.513,0.457,0.034,
13,0.015,0.376,0.237,0.022,
14,0.018,0.616,0.587,0.029,
15,0.014,0.626,0.621,0.030,
16,0.015,0.612,0.555,0.030,
17,0.016,0.617,0.567,0.029,
18,0.015,0.620,0.562,0.035,
19,0.016,0.627,0.556,0.031,
20,0.015,0.626,0.655,0.021,
21,0.017,0.626,0.529,0.028,
22,0.015,0.627,0.646,0.019,
23,0.015,0.626,0.487,0.033,
24,0.016,0.626,0.515,0.031,
25,0.015,0.488,0.366,0.023,
26,0.016,0.960,1.372,0.023,
27,0.014,0.978,1.387,0.033,
28,0.016,0.987,1.493,0.020,
29,0.016,0.982,1.372,0.023,
30,0.014,0.970,1.312,0.031,
31,0.016,0.983,1.359,0.031,
32,0.015,0.992,1.408,0.023,
33,0.016,0.973,1.496,0.026,
34,0.014,0.976,1.435,0.021,
35,0.016,0.979,1.361,0.023,
36,0.015,0.971,1.580,0.025,
1,0.015,0.117,0.269,0.013,
2,0.015,0.147,0.181,0.014,
3,0.014,0.169,0.148,0.015,
4,0.014,0.191,0.240,0.017,
5,0.014,0.211,0.209,0.017,
6,0.015,0.358,0.253,0.020,
7,0.014,0.248,0.199,0.021,
8,0.015,0.438,0.284,0.030,
9,0.015,0.288,0.235,0.035,
10,0.014,0.508,0.471,0.034,
11,0.015,0.508,0.392,0.030,
12,0.015,0.505,0.472,0.019,
13,0.015,0.368,0.219,0.034,
14,0.015,0.624,0.580,0.032,
15,0.015,0.616,0.546,0.022,
16,0.016,0.617,0.582,0.020,
17,0.015,0.607,0.552,0.020,
18,0.014,0.613,0.576,0.022,
19,0.015,0.613,0.623,0.024,
20,0.015,0.613,0.633,0.032,
21,0.015,0.624,0.649,0.034,
22,0.015,0.627,0.586,0.031,
23,0.015,0.630,0.663,0.036,
24,0.016,0.619,0.572,0.031,
25,0.014,0.495,0.347,0.022,
26,0.015,0.965,1.387,0.034,
27,0.016,0.973,1.385,0.033,
28,0.015,0.975,1.585,0.033,
29,0.015,0.970,1.457,0.030,
30,0.015,0.985,1.399,0.033,
31,0.016,0.979,1.458,0.036,
32,0.016,0.992,1.474,0.034,
33,0.015,0.977,1.513,0.036,
34,0.015,0.989,1.476,0.032,
35,0.016,0.974,1.324,0.021,
36,0.016,0.971,1.398,0.024,
1,0.016,0.119,0.263,0.012,
2,0.015,0.148,0.281,0.022,
3,0.013,0.176,0.279,0.022,
4,0.015,0.192,0.243,0.029,
5,0.014,0.212,0.224,0.018,
6,0.014,0.360,0.216,0.015,
7,0.013,0.248,0.217,0.020,
8,0.014,0.443,0.309,0.019,
9,0.015,0.295,0.209,0.034,
10,0.016,0.510,0.415,0.020,
11,0.016,0.506,0.463,0.032,
12,0.015,0.506,0.410,0.019,
13,0.016,0.367,0.232,0.021,
14,0.015,0.612,0.521,0.017,
15,0.014,0.606,0.560,0.032,
16,0.014,0.630,0.585,0.019,
17,0.015,0.607,0.638,0.033,
18,0.014,0.614,0.572,0.021,
19,0.015,0.619,0.553,0.020,
20,0.015,0.613,0.559,0.032,
21,0.016,0.625,0.609,0.034,
22,0.015,0.625,0.571,0.029,
23,0.016,0.630,0.550,0.029,
24,0.016,0.628,0.564,0.031,
25,0.016,0.481,0.302,0.022,
26,0.016,0.963,1.416,0.048,
27,0.014,0.974,1.431,0.023,
28,0.014,0.978,1.334,0.033,
29,0.016,0.984,1.487,0.023,
30,0.016,0.984,1.463,0.035,
31,0.015,0.979,1.485,0.033,
32,0.014,0.984,1.380,0.035,
33,0.014,0.967,1.477,0.022,
34,0.015,0.975,1.374,0.020,
35,0.015,0.980,1.547,0.034,
36,0.015,0.976,1.419,0.029,
1,0.014,0.121,0.264,0.013,
2,0.015,0.149,0.184,0.014,
3,0.013,0.172,0.272,0.027,
4,0.014,0.194,0.245,0.028,
5,0.015,0.215,0.223,0.033,
6,0.014,0.363,0.241,0.028,
7,0.014,0.251,0.186,0.018,
8,0.014,0.451,0.337,0.019,
9,0.015,0.284,0.228,0.027,
10,0.015,0.507,0.462,0.034,
11,0.015,0.511,0.459,0.031,
12,0.015,0.507,0.456,0.022,
13,0.016,0.360,0.234,0.033,
14,0.015,0.615,0.585,0.035,
15,0.016,0.615,0.590,0.023,
16,0.015,0.609,0.558,0.020,
17,0.014,0.611,0.624,0.019,
18,0.014,0.615,0.554,0.018,
19,0.014,0.609,0.692,0.020,
20,0.016,0.610,0.550,0.017,
21,0.015,0.620,0.527,0.032,
22,0.015,0.623,0.599,0.034,
23,0.015,0.617,0.556,0.021,
24,0.016,0.642,0.632,0.032,
25,0.016,0.489,0.375,0.034,
26,0.015,1.027,1.473,0.032,
27,0.016,1.007,1.327,0.034,
28,0.016,0.977,1.485,0.022,
29,0.016,0.974,1.477,0.033,
30,0.016,0.979,1.395,0.024,
31,0.016,0.985,1.349,0.030,
32,0.015,0.990,1.497,0.020,
33,0.016,0.972,1.402,0.019,
34,0.015,0.966,1.507,0.020,
35,0.016,0.981,1.441,0.034,
36,0.016,0.980,1.476,0.027,
1,0.015,0.120,0.269,0.013,
2,0.015,0.150,0.181,0.015,
3,0.015,0.169,0.257,0.019,
4,0.015,0.189,0.214,0.018,
5,0.015,0.211,0.198,0.017,
6,0.015,0.363,0.253,0.031,
7,0.014,0.248,0.206,0.018,
8,0.014,0.440,0.338,0.035,
9,0.015,0.300,0.215,0.024,
10,0.014,0.514,0.450,0.042,
11,0.013,0.511,0.420,0.020,
12,0.016,0.510,0.399,0.018,
13,0.014,0.368,0.251,0.033,
14,0.014,0.614,0.428,0.021,
15,0.015,0.615,0.512,0.023,
16,0.014,0.623,0.515,0.021,
17,0.015,0.609,0.582,0.030,
18,0.014,0.613,0.532,0.028,
19,0.015,0.616,0.644,0.031,
20,0.016,0.623,0.613,0.035,
21,0.015,0.622,0.700,0.021,
22,0.016,0.618,0.731,0.019,
23,0.015,0.623,0.607,0.021,
24,0.015,0.615,0.615,0.035,
25,0.015,0.489,0.360,0.034,
26,0.015,0.991,1.474,0.034,
27,0.015,0.966,1.328,0.033,
28,0.015,0.976,1.358,0.032,
29,0.015,0.968,1.451,0.033,
30,0.015,0.986,1.402,0.021,
31,0.016,0.976,1.330,0.030,
32,0.014,0.985,1.310,0.030,
33,0.014,0.978,1.644,0.023,
34,0.015,0.970,1.410,0.029,
35,0.014,0.995,1.491,0.027,
36,0.014,0.987,1.399,0.021,
1,0.015,0.124,0.262,0.013,
2,0.015,0.148,0.181,0.014,
3,0.014,0.169,0.283,0.026,
4,0.014,0.194,0.218,0.023,
5,0.014,0.210,0.209,0.029,
6,0.015,0.362,0.232,0.021,
7,0.015,0.252,0.181,0.021,
8,0.014,0.440,0.291,0.034,
9,0.015,0.289,0.235,0.023,
10,0.015,0.506,0.433,0.040,
11,0.015,0.505,0.379,0.020,
12,0.015,0.506,0.443,0.034,
13,0.015,0.366,0.221,0.020,
14,0.015,0.614,0.594,0.025,
15,0.015,0.615,0.632,0.023,
16,0.014,0.609,0.591,0.034,
17,0.015,0.615,0.605,0.028,
18,0.015,0.617,0.571,0.023,
19,0.015,0.616,0.514,0.035,
20,0.016,0.625,0.553,0.036,
21,0.015,0.620,0.627,0.019,
22,0.016,0.616,0.534,0.021,
23,0.015,0.617,0.565,0.025,
24,0.016,0.622,0.610,0.033,
25,0.015,0.484,0.359,0.019,
26,0.016,0.972,1.554,0.033,
27,0.015,0.976,1.498,0.030,
28,0.015,0.963,1.359,0.034,
29,0.015,0.974,1.407,0.035,
30,0.014,0.976,1.378,0.031,
31,0.017,0.977,1.478,0.029,
32,0.015,0.987,1.480,0.021,
33,0.016,0.980,1.469,0.023,
34,0.016,0.995,1.709,0.027,
35,0.014,0.973,1.397,0.022,
36,0.015,0.974,1.409,0.024,
1,0.014,0.121,0.267,0.013,
2,0.015,0.148,0.181,0.014,
3,0.014,0.168,0.144,0.014,
4,0.014,0.189,0.240,0.030,
5,0.014,0.215,0.208,0.028,
6,0.014,0.358,0.239,0.021,
7,0.014,0.247,0.234,0.024,
8,0.014,0.445,0.280,0.019,
9,0.015,0.296,0.209,0.033,
10,0.015,0.506,0.346,0.021,
11,0.015,0.509,0.399,0.024,
12,0.016,0.513,0.373,0.021,
13,0.015,0.375,0.229,0.024,
14,0.014,0.611,0.560,0.030,
15,0.016,0.618,0.551,0.019,
16,0.015,0.630,0.619,0.040,
17,0.013,0.615,0.598,0.024,
18,0.016,0.614,0.547,0.020,
19,0.015,0.619,0.641,0.034,
20,0.014,0.618,0.694,0.027,
21,0.016,0.612,0.592,0.023,
22,0.016,0.617,0.523,0.030,
23,0.015,0.624,0.572,0.023,
24,0.015,0.618,0.550,0.020,
25,0.016,0.488,0.325,0.020,
26,0.016,0.966,1.262,0.034,
27,0.015,1.001,1.513,0.030,
28,0.016,0.981,1.547,0.033,
29,0.015,0.985,1.367,0.022,
30,0.015,0.959,1.450,0.033,
31,0.014,0.974,1.445,0.033,
32,0.015,0.975,1.285,0.031,
33,0.014,0.973,1.387,0.034,
34,0.016,0.986,1.514,0.033,
35,0.015,0.978,1.402,0.022,
36,0.015,0.970,1.563,0.022,
1,0.014,0.120,0.269,0.012,
2,0.015,0.147,0.182,0.015,
3,0.014,0.173,0.148,0.015,
4,0.014,0.191,0.241,0.019,
5,0.015,0.211,0.241,0.020,
6,0.015,0.358,0.262,0.021,
7,0.015,0.245,0.203,0.026,
8,0.014,0.446,0.318,0.026,
9,0.015,0.288,0.214,0.020,
10,0.015,0.501,0.333,0.019,
11,0.016,0.500,0.406,0.020,
12,0.014,0.508,0.457,0.023,
13,0.014,0.365,0.260,0.021,
14,0.016,0.606,0.550,0.036,
15,0.016,0.617,0.558,0.020,
16,0.015,0.621,0.570,0.018,
17,0.015,0.615,0.596,0.029,
18,0.015,0.623,0.473,0.028,
19,0.015,0.622,0.616,0.035,
20,0.015,0.623,0.559,0.021,
21,0.016,0.616,0.523,0.035,
22,0.016,0.626,0.579,0.031,
23,0.015,0.621,0.639,0.020,
24,0.016,0.630,0.571,0.021,
25,0.015,0.481,0.331,0.035,
26,0.014,0.980,1.480,0.036,
27,0.016,1.013,1.389,0.022,
28,0.016,0.974,1.392,0.034,
29,0.015,0.980,1.507,0.023,
30,0.016,0.970,1.535,0.022,
31,0.015,0.987,1.683,0.031,
32,0.015,0.980,1.430,0.022,
33,0.015,0.967,1.531,0.026,
34,0.016,0.987,1.428,0.021,
35,0.014,0.986,1.407,0.036,
36,0.015,0.982,1.552,0.027,
1,0.014,0.122,0.266,0.013,
2,0.015,0.148,0.185,0.015,
3,0.014,0.168,0.269,0.029,
4,0.015,0.196,0.243,0.026,
5,0.014,0.213,0.208,0.020,
6,0.014,0.358,0.257,0.030,
7,0.016,0.250,0.198,0.037,
8,0.013,0.444,0.308,0.027,
9,0.015,0.291,0.212,0.019,
10,0.015,0.501,0.393,0.022,
11,0.015,0.506,0.344,0.023,
12,0.014,0.506,0.377,0.037,
13,0.013,0.366,0.211,0.034,
14,0.015,0.614,0.517,0.021,
15,0.016,0.620,0.605,0.019,
16,0.016,0.611,0.699,0.033,
17,0.015,0.615,0.500,0.031,
18,0.015,0.633,0.585,0.019,
19,0.016,0.628,0.669,0.023,
20,0.015,0.616,0.572,0.033,
21,0.016,0.619,0.611,0.022,
22,0.016,0.626,0.619,0.031,
23,0.016,0.621,0.553,0.027,
24,0.014,0.618,0.579,0.031,
25,0.014,0.487,0.394,0.029,
26,0.017,0.974,1.265,0.031,
27,0.016,0.991,1.538,0.033,
28,0.017,0.975,1.324,0.024,
29,0.017,0.975,1.488,0.029,
30,0.015,0.975,1.476,0.021,
31,0.016,0.974,1.374,0.039,
32,0.017,0.980,1.421,0.029,
33,0.015,0.988,1.446,0.032,
34,0.016,0.994,1.408,0.024,
35,0.015,1.000,1.320,0.031,
36,0.015,0.999,1.555,0.032,
1,0.017,0.123,0.267,0.013,
2,0.015,0.148,0.180,0.014,
3,0.014,0.169,0.268,0.029,
4,0.014,0.194,0.227,0.021,
5,0.015,0.222,0.157,0.020,
6,0.014,0.357,0.202,0.034,
7,0.015,0.252,0.200,0.027,
8,0.015,0.443,0.309,0.021,
9,0.015,0.304,0.181,0.034,
10,0.016,0.515,0.439,0.022,
11,0.015,0.507,0.372,0.022,
12,0.015,0.511,0.405,0.027,
13,0.015,0.364,0.209,0.034,
14,0.015,0.632,0.539,0.028,
15,0.015,0.613,0.445,0.021,
16,0.015,0.611,0.501,0.039,
17,0.016,0.626,0.511,0.031,
18,0.015,0.628,0.611,0.019,
19,0.015,0.620,0.480,0.034,
20,0.015,0.638,0.550,0.022,
21,0.015,0.625,0.585,0.021,
22,0.015,0.629,0.538,0.030,
23,0.016,0.623,0.673,0.022,
24,0.015,0.618,0.602,0.021,
25,0.016,0.519,0.347,0.035,
26,0.015,0.991,1.362,0.024,
27,0.016,0.995,1.593,0.025,
28,0.016,0.968,1.648,0.020,
29,0.016,0.980,1.519,0.021,
30,0.016,1.007,1.615,0.022,
31,0.014,0.969,1.475,0.020,
32,0.015,0.967,1.513,0.034,
33,0.024,1.092,1.626,0.034,
34,0.014,1.009,1.504,0.023,
35,0.014,0.988,1.527,0.020,
36,0.015,0.974,1.466,0.024,
1,0.017,0.120,0.266,0.014,
2,0.016,0.148,0.179,0.014,
3,0.014,0.168,0.150,0.014,
4,0.015,0.194,0.148,0.014,
5,0.014,0.208,0.121,0.014,
6,0.013,0.359,0.232,0.021,
7,0.014,0.249,0.198,0.020,
8,0.015,0.447,0.287,0.022,
9,0.015,0.284,0.173,0.033,
10,0.015,0.520,0.451,0.028,
11,0.015,0.512,0.379,0.037,
12,0.015,0.525,0.421,0.020,
13,0.015,0.364,0.252,0.030,
14,0.015,0.616,0.485,0.033,
15,0.016,0.620,0.540,0.021,
16,0.017,0.625,0.510,0.024,
17,0.015,0.607,0.594,0.022,
18,0.015,0.634,0.499,0.030,
19,0.016,0.621,0.591,0.036,
20,0.016,0.645,0.527,0.029,
21,0.014,0.624,0.541,0.021,
22,0.015,0.625,0.570,0.030,
23,0.016,0.621,0.642,0.031,
24,0.014,0.630,0.564,0.037,
25,0.015,0.491,0.376,0.036,
26,0.015,0.981,1.385,0.031,
27,0.015,0.986,1.475,0.020,
28,0.015,0.979,1.414,0.022,
29,0.014,1.013,1.455,0.023,
30,0.016,1.001,1.220,0.027,
31,0.016,0.972,1.424,0.031,
32,0.014,0.976,1.399,0.025,
33,0.016,0.966,1.406,0.030,
34,0.015,0.980,1.476,0.027,
35,0.014,0.995,1.534,0.029,
36,0.015,0.987,1.439,0.023,
1,0.016,0.120,0.265,0.012,
2,0.015,0.147,0.182,0.014,
3,0.014,0.169,0.143,0.015,
4,0.014,0.195,0.134,0.015,
5,0.014,0.212,0.219,0.017,
6,0.014,0.358,0.243,0.036,
7,0.014,0.252,0.217,0.024,
8,0.015,0.452,0.306,0.027,
9,0.015,0.284,0.212,0.035,
10,0.015,0.519,0.406,0.020,
11,0.014,0.505,0.451,0.022,
12,0.014,0.510,0.440,0.034,
13,0.015,0.368,0.269,0.031,
14,0.016,0.614,0.451,0.022,
15,0.016,0.611,0.579,0.034,
16,0.014,0.625,0.607,0.021,
17,0.015,0.617,0.605,0.023,
18,0.015,0.615,0.559,0.031,
19,0.016,0.625,0.601,0.022,
20,0.016,0.614,0.607,0.034,
21,0.015,0.619,0.595,0.022,
22,0.016,0.631,0.599,0.023,
23,0.015,0.616,0.711,0.022,
24,0.016,0.616,0.649,0.024,
25,0.015,0.481,0.325,0.021,
26,0.016,0.965,1.296,0.036,
27,0.015,0.971,1.414,0.030,
28,0.015,0.968,1.304,0.022,
29,0.015,0.972,1.473,0.027,
30,0.016,0.975,1.529,0.031,
31,0.016,0.975,1.324,0.022,
32,0.016,0.977,1.602,0.030,
33,0.014,0.972,1.435,0.024,
34,0.016,0.983,1.460,0.034,
35,0.015,0.974,1.329,0.022,
36,0.015,1.002,1.308,0.033,
1,0.016,0.124,0.263,0.013,
2,0.015,0.147,0.284,0.022,
3,0.014,0.176,0.279,0.026,
4,0.014,0.191,0.253,0.020,
5,0.015,0.210,0.233,0.027,
6,0.015,0.360,0.230,0.035,
7,0.014,0.247,0.208,0.020,
8,0.015,0.441,0.344,0.023,
9,0.015,0.285,0.233,0.019,
10,0.014,0.510,0.434,0.024,
11,0.014,0.505,0.344,0.025,
12,0.015,0.508,0.387,0.032,
13,0.016,0.373,0.230,0.021,
14,0.015,0.613,0.606,0.032,
15,0.015,0.612,0.582,0.034,
16,0.015,0.631,0.625,0.022,
17,0.015,0.613,0.486,0.033,
18,0.015,0.620,0.656,0.035,
19,0.016,0.622,0.551,0.022,
20,0.014,0.616,0.617,0.029,
21,0.016,0.618,0.556,0.020,
22,0.016,0.616,0.541,0.034,
23,0.016,0.633,0.634,0.020,
24,0.015,0.618,0.557,0.023,
25,0.014,0.485,0.354,0.021,
26,0.017,0.962,1.328,0.023,
27,0.017,0.963,1.340,0.029,
28,0.016,0.981,1.493,0.024,
29,0.016,0.976,1.237,0.031,
30,0.015,0.971,1.687,0.033,
31,0.017,0.987,1.419,0.022,
32,0.016,0.974,1.429,0.032,
33,0.015,0.984,1.420,0.032,
34,0.015,0.987,1.401,0.021,
35,0.014,0.970,1.417,0.021,
36,0.016,0.975,1.447,0.026,
1,0.016,0.120,0.268,0.013,
2,0.015,0.148,0.180,0.013,
3,0.014,0.168,0.147,0.014,
4,0.014,0.191,0.246,0.017,
5,0.014,0.209,0.191,0.020,
6,0.014,0.366,0.187,0.030,
7,0.015,0.252,0.217,0.021,
8,0.015,0.444,0.344,0.031,
9,0.014,0.290,0.241,0.034,
10,0.015,0.508,0.429,0.028,
11,0.014,0.505,0.351,0.032,
12,0.014,0.508,0.330,0.019,
13,0.015,0.372,0.229,0.020,
14,0.015,0.620,0.591,0.030,
15,0.016,0.614,0.545,0.019,
16,0.016,0.608,0.635,0.019,
17,0.015,0.621,0.601,0.018,
18,0.015,0.610,0.651,0.022,
19,0.016,0.619,0.684,0.034,
20,0.016,0.627,0.575,0.023,
21,0.015,0.616,0.654,0.023,
22,0.015,0.634,0.712,0.021,
23,0.016,0.617,0.509,0.020,
24,0.015,0.618,0.587,0.036,
25,0.015,0.499,0.356,0.023,
26,0.015,0.965,1.392,0.035,
27,0.016,0.978,1.395,0.019,
28,0.015,0.977,1.331,0.022,
29,0.016,0.980,1.422,0.035,
30,0.014,0.970,1.476,0.034,
31,0.016,0.980,1.630,0.029,
32,0.016,0.986,1.378,0.028,
33,0.015,0.973,1.307,0.022,
34,0.015,0.966,1.460,0.030,
35,0.016,0.991,1.414,0.022,
36,0.016,0.976,1.370,0.032,
1,0.016,0.120,0.267,0.013,
2,0.015,0.148,0.180,0.014,
3,0.014,0.169,0.142,0.014,
4,0.014,0.195,0.248,0.018,
5,0.015,0.209,0.218,0.019,
6,0.014,0.358,0.228,0.032,
7,0.014,0.249,0.206,0.027,
8,0.014,0.442,0.264,0.034,
9,0.015,0.286,0.222,0.020,
10,0.015,0.506,0.360,0.019,
11,0.015,0.508,0.406,0.020,
12,0.015,0.508,0.386,0.035,
13,0.015,0.368,0.266,0.020,
14,0.016,0.609,0.621,0.024,
15,0.014,0.614,0.480,0.020,
16,0.014,0.614,0.602,0.027,
17,0.015,0.622,0.668,0.020,
18,0.016,0.615,0.615,0.031,
19,0.015,0.618,0.577,0.016,
20,0.015,0.616,0.636,0.024,
21,0.015,0.610,0.581,0.019,
22,0.015,0.620,0.611,0.025,
23,0.014,0.620,0.668,0.035,
24,0.015,0.623,0.648,0.033,
25,0.015,0.480,0.367,0.023,
26,0.014,0.983,1.309,0.033,
27,0.016,1.008,1.517,0.024,
28,0.015,0.977,1.474,0.028,
29,0.015,0.968,1.422,0.032,
30,0.016,0.971,1.430,0.023,
31,0.014,0.971,1.437,0.020,
32,0.016,0.962,1.348,0.021,
33,0.016,0.984,1.502,0.021,
34,0.013,0.985,1.518,0.033,
35,0.015,0.992,1.370,0.029,
36,0.016,0.967,1.555,0.032,
1,0.015,0.123,0.263,0.013,
2,0.015,0.148,0.179,0.015,
3,0.014,0.173,0.147,0.014,
4,0.013,0.194,0.234,0.018,
5,0.015,0.210,0.200,0.034,
6,0.015,0.360,0.229,0.014,
7,0.013,0.246,0.203,0.040,
8,0.014,0.458,0.321,0.022,
9,0.015,0.295,0.237,0.023,
10,0.016,0.506,0.370,0.018,
11,0.014,0.505,0.374,0.033,
12,0.016,0.506,0.410,0.022,
13,0.014,0.368,0.259,0.020,
14,0.015,0.611,0.565,0.034,
15,0.016,0.609,0.621,0.021,
16,0.015,0.607,0.591,0.022,
17,0.015,0.618,0.547,0.027,
18,0.014,0.616,0.544,0.036,
19,0.016,0.633,0.588,0.021,
20,0.016,0.616,0.595,0.031,
21,0.015,0.623,0.690,0.020,
22,0.015,0.622,0.575,0.033,
23,0.014,0.625,0.578,0.021,
24,0.016,0.624,0.677,0.018,
25,0.015,0.479,0.307,0.018,
26,0.015,0.973,1.439,0.035,
27,0.014,0.980,1.415,0.030,
28,0.016,0.979,1.531,0.030,
29,0.016,0.986,1.453,0.020,
30,0.016,0.971,1.325,0.022,
31,0.015,0.978,1.448,0.034,
32,0.017,0.974,1.553,0.033,
33,0.016,0.987,1.446,0.022,
34,0.015,0.988,1.423,0.032,
35,0.014,0.978,1.415,0.022,
36,0.015,0.986,1.326,0.021,
1,0.015,0.118,0.267,0.012,
2,0.015,0.146,0.180,0.014,
3,0.014,0.169,0.144,0.014,
4,0.013,0.194,0.167,0.015,
5,0.014,0.212,0.199,0.017,
6,0.014,0.357,0.226,0.036,
7,0.015,0.248,0.215,0.029,
8,0.015,0.449,0.280,0.026,
9,0.014,0.283,0.170,0.022,
10,0.014,0.504,0.388,0.020,
11,0.018,0.509,0.477,0.028,
12,0.015,0.508,0.332,0.024,
13,0.015,0.367,0.243,0.024,
14,0.016,0.606,0.621,0.022,
15,0.015,0.616,0.556,0.034,
16,0.016,0.616,0.522,0.022,
17,0.015,0.622,0.620,0.033,
18,0.015,0.634,0.716,0.021,
19,0.015,0.610,0.572,0.022,
20,0.015,0.627,0.605,0.020,
21,0.015,0.613,0.633,0.037,
22,0.017,0.642,0.750,0.023,
23,0.015,0.616,0.562,0.032,
24,0.015,0.633,0.641,0.030,
25,0.015,0.500,0.364,0.036,
26,0.015,0.971,1.406,0.034,
27,0.017,0.987,1.427,0.036,
28,0.014,0.989,1.596,0.022,
29,0.016,0.981,1.719,0.028,
30,0.016,0.972,1.640,0.025,
31,0.015,0.999,1.556,0.023,
32,0.016,0.989,1.501,0.024,
33,0.014,0.964,1.513,0.035,
34,0.015,1.009,2.203,0.037,
35,0.014,0.974,2.272,0.023,
36,0.015,0.973,2.512,0.033,
1,0.019,0.164,0.404,0.017,
2,0.018,0.204,0.318,0.023,
3,0.014,0.172,0.212,0.023,
4,0.014,0.189,0.274,0.021,
5,0.013,0.218,0.237,0.021,
6,0.014,0.365,0.356,0.023,
7,0.015,0.246,0.213,0.020,
8,0.014,0.457,0.350,0.023,
9,0.014,0.284,0.261,0.024,
10,0.015,0.534,0.546,0.030,
11,0.016,0.510,0.595,0.029,
12,0.013,0.516,0.380,0.027,
13,0.015,0.365,0.271,0.034,
14,0.015,0.628,0.723,0.023,
15,0.015,0.616,0.567,0.033,
16,0.015,0.617,0.614,0.020,
17,0.015,0.619,0.515,0.020,
18,0.015,0.616,0.739,0.035,
19,0.015,0.624,0.546,0.033,
20,0.014,0.631,0.725,0.023,
21,0.016,0.620,0.690,0.019,
22,0.015,0.618,0.588,0.021,
23,0.015,0.618,0.597,0.034,
24,0.016,0.628,0.612,0.023,
25,0.017,0.500,0.369,0.020,
26,0.016,0.973,1.478,0.034,
27,0.015,1.002,1.401,0.020,
28,0.015,0.993,1.450,0.034,
29,0.015,1.008,1.422,0.032,
30,0.015,0.976,1.449,0.034,
31,0.016,0.992,1.556,0.024,
32,0.014,0.984,1.370,0.032,
33,0.016,0.981,1.415,0.034,
34,0.016,1.007,1.437,0.020,
35,0.015,0.984,1.319,0.033,
36,0.016,0.981,1.416,0.029,
1,0.015,0.121,0.267,0.013,
2,0.015,0.148,0.282,0.023,
3,0.014,0.176,0.286,0.026,
4,0.014,0.190,0.240,0.030,
5,0.014,0.220,0.214,0.019,
6,0.014,0.361,0.238,0.017,
7,0.015,0.247,0.199,0.018,
8,0.014,0.440,0.314,0.026,
9,0.017,0.296,0.212,0.023,
10,0.014,0.507,0.455,0.032,
11,0.016,0.511,0.399,0.022,
12,0.015,0.513,0.359,0.020,
13,0.016,0.366,0.235,0.022,
14,0.016,0.616,0.541,0.029,
15,0.015,0.617,0.509,0.016,
16,0.015,0.611,0.604,0.021,
17,0.015,0.619,0.567,0.032,
18,0.016,0.619,0.561,0.037,
19,0.014,0.618,0.560,0.036,
20,0.016,0.632,0.616,0.030,
21,0.015,0.623,0.654,0.020,
22,0.015,0.624,0.515,0.021,
23,0.017,0.624,0.582,0.032,
24,0.015,0.630,0.592,0.034,
25,0.015,0.488,0.357,0.021,
26,0.015,0.968,1.362,0.031,
27,0.016,1.006,1.456,0.019,
28,0.016,0.986,1.389,0.031,
29,0.016,0.992,1.437,0.033,
30,0.016,0.973,1.409,0.023,
31,0.016,0.972,1.592,0.037,
32,0.014,0.978,1.319,0.023,
33,0.015,0.988,1.433,0.033,
34,0.016,0.995,1.310,0.025,
35,0.014,0.974,1.583,0.020,
36,0.015,0.981,1.491,0.023,
1,0.015,0.121,0.266,0.013,
2,0.015,0.147,0.287,0.023,
3,0.014,0.172,0.273,0.029,
4,0.015,0.196,0.229,0.033,
5,0.015,0.212,0.207,0.025,
6,0.014,0.362,0.229,0.017,
7,0.014,0.245,0.215,0.020,
8,0.014,0.441,0.289,0.020,
9,0.015,0.284,0.207,0.018,
10,0.015,0.501,0.384,0.023,
11,0.014,0.511,0.334,0.019,
12,0.015,0.505,0.419,0.029,
13,0.015,0.366,0.208,0.021,
14,0.015,0.613,0.547,0.034,
15,0.015,0.620,0.566,0.030,
16,0.015,0.615,0.575,0.021,
17,0.015,0.624,0.624,0.034,
18,0.015,0.623,0.437,0.020,
19,0.016,0.617,0.644,0.020,
20,0.016,0.615,0.608,0.032,
21,0.016,0.617,0.596,0.019,
22,0.016,0.613,0.571,0.032,
23,0.017,0.623,0.592,0.032,
24,0.016,0.632,0.548,0.025,
25,0.016,0.483,0.364,0.019,
26,0.015,0.970,1.281,0.023,
27,0.015,0.974,1.408,0.022,
28,0.016,0.977,1.629,0.021,
29,0.016,0.968,1.541,0.021,
30,0.016,0.981,1.337,0.031,
31,0.016,0.988,1.328,0.035,
32,0.016,0.972,1.401,0.035,
33,0.016,0.975,1.400,0.022,
34,0.015,0.970,1.535,0.024,
35,0.015,0.985,1.291,0.034,
36,0.016,0.977,1.387,0.023,
1,0.015,0.120,0.264,0.011,
2,0.014,0.148,0.181,0.013,
3,0.013,0.168,0.143,0.014,
4,0.013,0.190,0.168,0.015,
5,0.014,0.213,0.114,0.015,
6,0.013,0.358,0.287,0.030,
7,0.014,0.250,0.206,0.018,
8,0.015,0.443,0.272,0.024,
9,0.016,0.363,0.224,0.019,
10,0.015,0.502,0.435,0.034,
11,0.015,0.508,0.417,0.031,
12,0.016,0.511,0.446,0.033,
13,0.016,0.366,0.245,0.033,
14,0.015,0.612,0.551,0.033,
15,0.015,0.612,0.581,0.033,
16,0.015,0.617,0.602,0.024,
17,0.015,0.617,0.653,0.033,
18,0.015,0.615,0.609,0.029,
19,0.015,0.617,0.426,0.028,
20,0.015,0.623,0.569,0.021,
21,0.014,0.625,0.568,0.033,
22,0.014,0.620,0.524,0.033,
23,0.015,0.627,0.540,0.028,
24,0.016,0.631,0.550,0.022,
25,0.016,0.486,0.361,0.018,
26,0.014,0.981,1.234,0.032,
27,0.017,1.018,1.379,0.032,
28,0.016,0.961,1.402,0.034,
29,0.015,0.984,1.374,0.033,
30,0.015,0.980,1.462,0.020,
31,0.016,0.974,1.490,0.020,
32,0.016,0.966,1.443,0.029,
33,0.016,0.986,1.405,0.021,
34,0.016,0.964,1.342,0.022,
35,0.015,0.994,1.528,0.021,
36,0.014,0.968,1.491,0.025,
1,0.015,0.119,0.268,0.012,
2,0.015,0.148,0.181,0.014,
3,0.014,0.168,0.272,0.027,
4,0.014,0.195,0.227,0.032,
5,0.015,0.216,0.215,0.031,
6,0.014,0.360,0.247,0.019,
7,0.013,0.249,0.219,0.022,
8,0.015,0.439,0.397,0.022,
9,0.014,0.283,0.231,0.024,
10,0.014,0.505,0.418,0.022,
11,0.015,0.507,0.381,0.018,
12,0.014,0.513,0.407,0.022,
13,0.015,0.363,0.234,0.035,
14,0.014,0.625,0.625,0.023,
15,0.015,0.615,0.619,0.020,
16,0.016,0.621,0.613,0.033,
17,0.016,0.617,0.566,0.033,
18,0.015,0.619,0.625,0.022,
19,0.016,0.617,0.561,0.019,
20,0.016,0.609,0.616,0.019,
21,0.016,0.613,0.574,0.020,
22,0.014,0.620,0.528,0.024,
23,0.016,0.622,0.619,0.034,
24,0.015,0.626,0.541,0.021,
25,0.016,0.476,0.327,0.022,
26,0.015,0.976,1.504,0.022,
27,0.015,0.979,1.444,0.021,
28,0.015,0.958,1.381,0.022,
29,0.015,0.965,1.647,0.031,
30,0.015,0.976,1.417,0.032,
31,0.015,0.985,1.543,0.033,
32,0.015,0.990,1.420,0.034,
33,0.016,0.977,1.259,0.020,
34,0.016,0.986,1.499,0.021,
35,0.016,0.973,1.445,0.022,
36,0.015,0.973,1.516,0.033,
1,0.014,0.121,0.267,0.013,
2,0.015,0.148,0.182,0.015,
3,0.014,0.173,0.271,0.029,
4,0.014,0.197,0.223,0.028,
5,0.014,0.215,0.223,0.034,
6,0.014,0.361,0.300,0.024,
7,0.014,0.250,0.190,0.025,
8,0.014,0.443,0.318,0.030,
9,0.016,0.286,0.203,0.020,
10,0.016,0.504,0.442,0.023,
11,0.014,0.505,0.374,0.031,
12,0.014,0.513,0.426,0.027,
13,0.015,0.367,0.233,0.019,
14,0.015,0.614,0.652,0.025,
15,0.016,0.615,0.568,0.019,
16,0.015,0.612,0.485,0.020,
17,0.016,0.621,0.544,0.030,
18,0.016,0.624,0.718,0.033,
19,0.016,0.612,0.607,0.029,
20,0.015,0.620,0.600,0.021,
21,0.015,0.622,0.569,0.022,
22,0.015,0.623,0.586,0.022,
23,0.016,0.626,0.606,0.031,
24,0.016,0.632,0.532,0.033,
25,0.016,0.484,0.355,0.020,
26,0.016,0.964,1.358,0.030,
27,0.015,0.974,1.453,0.023,
28,0.015,0.970,1.295,0.023,
29,0.015,0.977,1.447,0.034,
30,0.015,0.967,1.347,0.022,
31,0.017,0.965,1.442,0.021,
32,0.016,0.986,1.393,0.022,
33,0.016,0.975,1.497,0.030,
34,0.015,1.005,1.456,0.020,
35,0.015,0.983,1.540,0.031,
36,0.015,0.982,1.354,0.036,
1,0.015,0.120,0.264,0.013,
2,0.015,0.149,0.181,0.014,
3,0.014,0.169,0.144,0.013,
4,0.014,0.191,0.134,0.015,
5,0.014,0.211,0.120,0.014,
6,0.013,0.356,0.244,0.029,
7,0.014,0.252,0.199,0.031,
8,0.015,0.441,0.292,0.018,
9,0.015,0.294,0.220,0.021,
10,0.015,0.507,0.403,0.021,
11,0.015,0.504,0.407,0.029,
12,0.016,0.509,0.414,0.031,
13,0.015,0.367,0.229,0.021,
14,0.016,0.614,0.536,0.021,
15,0.016,0.617,0.583,0.023,
16,0.015,0.624,0.608,0.019,
17,0.015,0.620,0.565,0.026,
18,0.015,0.612,0.513,0.030,
19,0.016,0.617,0.497,0.033,
20,0.015,0.630,0.511,0.023,
21,0.016,0.619,0.605,0.030,
22,0.015,0.625,0.596,0.026,
23,0.015,0.625,0.430,0.020,
24,0.015,0.627,0.518,0.030,
25,0.018,0.820,0.426,0.032,
26,0.018,1.208,1.473,0.030,
27,0.015,0.971,1.424,0.020,
28,0.015,0.975,1.462,0.022,
29,0.015,0.965,1.412,0.030,
30,0.014,0.976,1.551,0.026,
31,0.016,0.985,1.527,0.022,
32,0.015,0.988,1.588,0.031,
33,0.015,0.981,1.454,0.022,
34,0.015,0.972,1.488,0.023,
35,0.016,0.971,1.419,0.031,
36,0.016,0.992,1.454,0.021,
1,0.014,0.124,0.264,0.012,
2,0.014,0.149,0.181,0.014,
3,0.014,0.174,0.141,0.014,
4,0.014,0.192,0.220,0.017,
5,0.015,0.215,0.193,0.018,
6,0.014,0.363,0.260,0.033,
7,0.015,0.251,0.180,0.021,
8,0.015,0.458,0.372,0.024,
9,0.016,0.305,0.243,0.020,
10,0.014,0.509,0.485,0.034,
11,0.016,0.528,0.389,0.031,
12,0.014,0.541,0.403,0.019,
13,0.015,0.367,0.222,0.020,
14,0.016,0.605,0.655,0.024,
15,0.016,0.620,0.555,0.034,
16,0.015,0.617,0.596,0.021,
17,0.016,0.618,0.613,0.023,
18,0.015,0.612,0.584,0.025,
19,0.014,0.616,0.625,0.020,
20,0.015,0.618,0.576,0.033,
21,0.016,0.628,0.572,0.019,
22,0.016,0.625,0.649,0.021,
23,0.016,0.623,0.492,0.021,
24,0.016,0.640,0.524,0.030,
25,0.015,0.484,0.373,0.022,
26,0.016,0.970,1.364,0.021,
27,0.016,0.992,1.341,0.022,
28,0.016,0.967,1.501,0.037,
29,0.014,0.981,1.308,0.022,
30,0.015,0.978,1.446,0.019,
31,0.016,0.975,1.372,0.029,
32,0.016,0.985,1.329,0.033,
33,0.015,0.976,1.388,0.023,
34,0.015,0.977,1.290,0.035,
35,0.015,0.987,1.456,0.020,
36,0.016,0.982,1.476,0.037,
1,0.015,0.121,0.270,0.013,
2,0.015,0.148,0.282,0.022,
3,0.014,0.172,0.146,0.014,
4,0.013,0.189,0.134,0.015,
5,0.014,0.212,0.117,0.015,
6,0.014,0.358,0.240,0.017,
7,0.014,0.244,0.180,0.017,
8,0.015,0.452,0.320,0.031,
9,0.015,0.288,0.227,0.030,
10,0.015,0.505,0.447,0.026,
11,0.015,0.517,0.359,0.035,
12,0.015,0.516,0.380,0.023,
13,0.015,0.369,0.229,0.019,
14,0.015,0.618,0.597,0.032,
15,0.016,0.614,0.578,0.021,
16,0.015,0.612,0.575,0.034,
17,0.013,0.613,0.505,0.033,
18,0.015,0.621,0.611,0.023,
19,0.016,0.619,0.627,0.028,
20,0.016,0.621,0.645,0.032,
21,0.015,0.613,0.583,0.034,
22,0.016,0.618,0.572,0.035,
23,0.015,0.623,0.614,0.028,
24,0.016,0.621,0.564,0.020,
25,0.016,0.485,0.347,0.020,
26,0.014,0.964,1.459,0.028,
27,0.016,0.973,1.330,0.032,
28,0.015,0.982,1.484,0.022,
29,0.014,0.966,1.485,0.022,
30,0.015,0.988,1.260,0.029,
31,0.015,0.984,1.425,0.024,
32,0.016,1.006,1.347,0.023,
33,0.016,0.979,1.372,0.022,
34,0.017,0.983,1.352,0.021,
35,0.016,0.967,1.411,0.034,
36,0.016,0.980,1.429,0.023,
1,0.014,0.118,0.268,0.012,
2,0.015,0.147,0.181,0.014,
3,0.013,0.167,0.289,0.028,
4,0.014,0.192,0.236,0.032,
5,0.015,0.217,0.210,0.020,
6,0.015,0.361,0.274,0.025,
7,0.015,0.250,0.195,0.027,
8,0.014,0.446,0.332,0.034,
9,0.014,0.285,0.232,0.030,
10,0.015,0.504,0.420,0.026,
11,0.015,0.502,0.405,0.032,
12,0.015,0.512,0.313,0.034,
13,0.015,0.370,0.253,0.024,
14,0.014,0.612,0.561,0.022,
15,0.015,0.608,0.589,0.035,
16,0.016,0.613,0.632,0.033,
17,0.014,0.615,0.646,0.019,
18,0.016,0.618,0.542,0.023,
19,0.016,0.620,0.568,0.033,
20,0.015,0.629,0.502,0.035,
21,0.015,0.625,0.553,0.022,
22,0.016,0.629,0.615,0.033,
23,0.016,0.626,0.655,0.034,
24,0.016,0.621,0.730,0.032,
25,0.015,0.500,0.359,0.020,
26,0.015,0.969,1.448,0.020,
27,0.015,0.972,1.207,0.030,
28,0.015,1.008,1.308,0.021,
29,0.016,0.990,1.471,0.022,
30,0.014,0.958,1.419,0.035,
31,0.016,0.974,1.481,0.021,
32,0.016,0.976,1.464,0.024,
33,0.016,0.990,1.462,0.031,
34,0.015,0.983,1.302,0.022,
35,0.016,0.971,1.498,0.034,
36,0.016,0.985,1.459,0.025,
1,0.015,0.119,0.267,0.012,
2,0.015,0.149,0.179,0.015,
3,0.014,0.174,0.261,0.029,
4,0.014,0.193,0.220,0.018,
5,0.014,0.209,0.211,0.031,
6,0.015,0.359,0.264,0.018,
7,0.015,0.248,0.226,0.030,
8,0.014,0.446,0.314,0.020,
9,0.017,0.291,0.182,0.019,
10,0.014,0.507,0.446,0.024,
11,0.015,0.504,0.412,0.022,
12,0.015,0.510,0.397,0.027,
13,0.015,0.366,0.240,0.032,
14,0.014,0.610,0.511,0.030,
15,0.016,0.626,0.580,0.031,
16,0.016,0.613,0.619,0.035,
17,0.014,0.620,0.529,0.023,
18,0.015,0.608,0.537,0.031,
19,0.016,0.618,0.554,0.017,
20,0.014,0.623,0.626,0.030,
21,0.015,0.617,0.613,0.021,
22,0.014,0.614,0.563,0.023,
23,0.014,0.627,0.629,0.030,
24,0.016,0.628,0.540,0.020,
25,0.016,0.479,0.355,0.035,
26,0.015,0.984,1.504,0.020,
27,0.015,0.976,1.500,0.019,
28,0.016,0.983,1.543,0.022,
29,0.015,0.965,1.363,0.032,
30,0.016,0.983,1.508,0.023,
31,0.016,0.984,1.485,0.021,
32,0.016,0.965,1.344,0.029,
33,0.014,0.972,1.355,0.020,
34,0.014,0.998,1.365,0.020,
35,0.014,0.974,1.321,0.031,
36,0.016,0.994,1.365,0.036,
1,0.015,0.117,0.265,0.012,
2,0.014,0.147,0.283,0.022,
3,0.014,0.176,0.146,0.014,
4,0.013,0.197,0.122,0.015,
5,0.014,0.215,0.121,0.015,
6,0.013,0.359,0.244,0.021,
7,0.015,0.248,0.205,0.022,
8,0.016,0.452,0.352,0.030,
9,0.015,0.293,0.222,0.031,
10,0.014,0.510,0.375,0.033,
11,0.014,0.509,0.485,0.022,
12,0.015,0.506,0.396,0.029,
13,0.015,0.375,0.226,0.021,
14,0.015,0.621,0.682,0.033,
15,0.016,0.627,0.534,0.028,
16,0.016,0.625,0.638,0.031,
17,0.016,0.620,0.679,0.019,
18,0.015,0.609,0.614,0.020,
19,0.015,0.616,0.578,0.030,
20,0.016,0.624,0.680,0.036,
21,0.016,0.640,0.514,0.020,
22,0.015,0.625,0.564,0.021,
23,0.015,0.627,0.590,0.034,
24,0.016,0.629,0.590,0.022,
25,0.015,0.516,0.363,0.023,
26,0.016,0.967,1.347,0.037,
27,0.014,0.972,1.689,0.023,
28,0.016,0.973,1.511,0.019,
29,0.016,0.967,1.289,0.021,
30,0.016,0.967,1.356,0.035,
31,0.014,0.988,1.487,0.033,
32,0.015,0.988,1.400,0.032,
33,0.016,0.976,1.429,0.033,
34,0.015,0.991,1.581,0.035,
35,0.015,0.997,1.421,0.036,
36,0.015,1.009,1.411,0.025,
1,0.017,0.120,0.264,0.013,
2,0.015,0.148,0.282,0.023,
3,0.014,0.175,0.276,0.027,
4,0.014,0.197,0.240,0.028,
5,0.014,0.216,0.216,0.017,
6,0.015,0.360,0.236,0.029,
7,0.014,0.250,0.218,0.028,
8,0.014,0.451,0.325,0.032,
9,0.015,0.292,0.187,0.021,
10,0.015,0.508,0.374,0.029,
11,0.017,0.507,0.440,0.031,
12,0.014,0.511,0.391,0.033,
13,0.015,0.366,0.269,0.033,
14,0.014,0.614,0.545,0.019,
15,0.015,0.616,0.579,0.020,
16,0.015,0.610,0.605,0.035,
17,0.016,0.617,0.571,0.031,
18,0.014,0.621,0.616,0.021,
19,0.015,0.623,0.509,0.032,
20,0.016,0.626,0.625,0.020,
21,0.015,0.623,0.593,0.019,
22,0.015,0.618,0.570,0.020,
23,0.015,0.619,0.595,0.030,
24,0.015,0.621,0.533,0.024,
25,0.015,0.484,0.372,0.030,
26,0.016,0.991,1.395,0.038,
27,0.014,0.968,1.370,0.035,
28,0.015,0.984,1.482,0.032,
29,0.015,0.977,1.453,0.037,
30,0.015,0.978,1.415,0.025,
31,0.016,0.991,1.293,0.023,
32,0.016,0.968,1.353,0.035,
33,0.014,0.979,1.461,0.020,
34,0.015,0.978,1.470,0.032,
35,0.016,0.994,1.348,0.018,
36,0.015,0.982,1.377,0.022,
1,0.015,0.120,0.266,0.012,
2,0.014,0.148,0.180,0.013,
3,0.014,0.168,0.143,0.014,
4,0.013,0.190,0.240,0.032,
5,0.015,0.214,0.203,0.027,
6,0.015,0.362,0.233,0.017,
7,0.014,0.248,0.193,0.036,
8,0.014,0.449,0.288,0.033,
9,0.016,0.289,0.232,0.027,
10,0.014,0.511,0.461,0.035,
11,0.016,0.506,0.433,0.022,
12,0.014,0.511,0.387,0.018,
13,0.015,0.363,0.238,0.022,
14,0.014,0.629,0.573,0.021,
15,0.015,0.631,0.518,0.032,
16,0.016,0.625,0.630,0.021,
17,0.014,0.619,0.575,0.023,
18,0.015,0.625,0.526,0.022,
19,0.016,0.621,0.521,0.029,
20,0.015,0.622,0.518,0.023,
21,0.016,0.612,0.604,0.022,
22,0.015,0.614,0.560,0.019,
23,0.016,0.620,0.597,0.023,
24,0.016,0.615,0.545,0.021,
25,0.015,0.481,0.339,0.034,
26,0.015,0.978,1.230,0.025,
27,0.016,0.968,1.440,0.022,
28,0.015,0.962,1.368,0.022,
29,0.016,0.974,1.369,0.023,
30,0.016,0.964,1.423,0.021,
31,0.016,0.968,1.406,0.021,
32,0.017,0.973,1.363,0.030,
33,0.016,0.985,1.600,0.019,
34,0.015,0.991,1.343,0.021,
35,0.016,0.977,1.633,0.027,
36,0.016,0.988,1.295,0.019,
1,0.016,0.119,0.265,0.013,
2,0.015,0.147,0.180,0.014,
3,0.014,0.169,0.275,0.026,
4,0.013,0.204,0.259,0.031,
5,0.014,0.209,0.213,0.030,
6,0.015,0.360,0.278,0.028,
7,0.014,0.248,0.210,0.038,
8,0.014,0.443,0.359,0.027,
9,0.015,0.291,0.218,0.022,
10,0.015,0.502,0.385,0.029,
11,0.015,0.510,0.529,0.023,
12,0.013,0.508,0.380,0.034,
13,0.015,0.365,0.236,0.032,
14,0.016,0.615,0.645,0.023,
15,0.015,0.611,0.577,0.036,
16,0.015,0.615,0.588,0.034,
17,0.015,0.613,0.565,0.036,
18,0.015,0.627,0.626,0.029,
19,0.015,0.615,0.620,0.032,
20,0.016,0.625,0.642,0.025,
21,0.015,0.617,0.630,0.021,
22,0.016,0.619,0.566,0.035,
23,0.015,0.623,0.578,0.029,
24,0.016,0.620,0.584,0.032,
25,0.016,0.482,0.314,0.017,
26,0.016,0.975,1.406,0.021,
27,0.017,0.976,1.435,0.024,
28,0.014,1.010,1.341,0.030,
29,0.016,0.977,1.460,0.032,
30,0.015,0.974,1.300,0.019,
31,0.015,0.996,1.432,0.034,
32,0.016,0.974,1.481,0.031,
33,0.014,0.974,1.479,0.021,
34,0.016,0.976,1.443,0.021,
35,0.015,0.979,1.393,0.023,
36,0.015,0.975,1.557,0.032,
1,0.015,0.120,0.266,0.014,
2,0.016,0.148,0.182,0.014,
3,0.014,0.168,0.144,0.015,
4,0.014,0.194,0.164,0.015,
5,0.014,0.212,0.218,0.020,
6,0.014,0.356,0.223,0.028,
7,0.015,0.248,0.209,0.029,
8,0.015,0.456,0.320,0.019,
9,0.015,0.284,0.224,0.021,
10,0.015,0.504,0.449,0.035,
11,0.015,0.511,0.336,0.039,
12,0.015,0.541,0.392,0.020,
13,0.015,0.372,0.272,0.020,
14,0.015,0.611,0.508,0.023,
15,0.015,0.617,0.512,0.032,
16,0.015,0.618,0.562,0.020,
17,0.015,0.618,0.538,0.030,
18,0.015,0.615,0.573,0.021,
19,0.015,0.625,0.547,0.022,
20,0.017,0.614,0.601,0.021,
21,0.016,0.629,0.475,0.031,
22,0.016,0.628,0.573,0.019,
23,0.015,0.626,0.531,0.021,
24,0.015,0.616,0.575,0.019,
25,0.015,0.479,0.314,0.041,
26,0.016,0.976,1.422,0.023,
27,0.015,0.953,1.528,0.028,
28,0.016,1.009,1.443,0.038,
29,0.015,0.983,1.472,0.030,
30,0.014,0.978,1.575,0.035,
31,0.014,1.009,1.382,0.019,
32,0.016,0.976,1.466,0.022,
33,0.014,0.967,1.510,0.024,
34,0.015,0.967,1.396,0.025,
35,0.015,0.969,1.391,0.029,
36,0.015,0.982,1.522,0.021,
1,0.016,0.120,0.264,0.013,
2,0.015,0.148,0.282,0.022,
3,0.014,0.174,0.145,0.014,
4,0.014,0.197,0.241,0.021,
5,0.015,0.217,0.216,0.023,
6,0.014,0.355,0.225,0.019,
7,0.016,0.248,0.208,0.034,
8,0.016,0.444,0.348,0.033,
9,0.014,0.289,0.193,0.033,
10,0.015,0.507,0.468,0.045,
11,0.014,0.508,0.366,0.027,
12,0.015,0.510,0.409,0.020,
13,0.014,0.366,0.236,0.036,
14,0.015,0.628,0.537,0.030,
15,0.016,0.616,0.563,0.035,
16,0.015,0.627,0.645,0.034,
17,0.015,0.617,0.605,0.029,
18,0.015,0.624,0.574,0.021,
19,0.016,0.617,0.650,0.023,
20,0.016,0.617,0.641,0.019,
21,0.015,0.612,0.642,0.022,
22,0.016,0.613,0.629,0.020,
23,0.015,0.636,0.588,0.028,
24,0.016,0.630,0.629,0.020,
25,0.015,0.485,0.353,0.021,
26,0.015,0.971,1.230,0.031,
27,0.014,1.000,1.575,0.034,
28,0.016,1.006,1.445,0.020,
29,0.017,0.975,1.357,0.033,
30,0.016,0.977,1.645,0.021,
31,0.015,0.987,1.347,0.023,
32,0.015,0.970,1.543,0.023,
33,0.016,0.973,1.533,0.035,
34,0.016,0.998,1.610,0.025,
35,0.015,0.975,1.425,0.021,
36,0.014,0.987,1.457,0.031,
